cardId,cardTitle,sourceFile,backgroundId,backgroundFileName,backgroundUnityPath,choiceSlot,choiceId,choiceText,choiceImageId,choiceFileName,choiceUnityPath,nextCardId
smm_card_001,Yetimlikten Bulaşıkhaneye: İlk Eşik,CARDS_PART_01_INTRO.yaml,bg_saray_bulasikhanesi_sabah,bg_saray_bulasikhanesi_sabah.png,Assets/Stories/saray_mutfagindan_muhre/Backgrounds/bg_saray_bulasikhanesi_sabah.png,A,smm_card_001_a,Lekeyi üstlenip gerçeği söyle,choice_smm_card_001_a,choice_smm_card_001_a.png,Assets/Stories/saray_mutfagindan_muhre/Choices/choice_smm_card_001_a.png,smm_card_002
smm_card_001,Yetimlikten Bulaşıkhaneye: İlk Eşik,CARDS_PART_01_INTRO.yaml,bg_saray_bulasikhanesi_sabah,bg_saray_bulasikhanesi_sabah.png,Assets/Stories/saray_mutfagindan_muhre/Backgrounds/bg_saray_bulasikhanesi_sabah.png,B,smm_card_001_b,Suçu kıdemsiz çırağa yönelt,choice_smm_card_001_b,choice_smm_card_001_b.png,Assets/Stories/saray_mutfagindan_muhre/Choices/choice_smm_card_001_b.png,smm_card_003
smm_card_002,Yetimlikten Bulaşıkhaneye: Sıcak Bakır,CARDS_PART_01_INTRO.yaml,bg_saray_bulasikhanesi_gece,bg_saray_bulasikhanesi_gece.png,Assets/Stories/saray_mutfagindan_muhre/Backgrounds/bg_saray_bulasikhanesi_gece.png,A,smm_card_002_a,Tabakları sessizce düzene sok,choice_smm_card_002_a,choice_smm_card_002_a.png,Assets/Stories/saray_mutfagindan_muhre/Choices/choice_smm_card_002_a.png,smm_card_003
smm_card_002,Yetimlikten Bulaşıkhaneye: Sıcak Bakır,CARDS_PART_01_INTRO.yaml,bg_saray_bulasikhanesi_gece,bg_saray_bulasikhanesi_gece.png,Assets/Stories/saray_mutfagindan_muhre/Backgrounds/bg_saray_bulasikhanesi_gece.png,B,smm_card_002_b,Fısıltıyı soytarıya sat,choice_smm_card_002_b,choice_smm_card_002_b.png,Assets/Stories/saray_mutfagindan_muhre/Choices/choice_smm_card_002_b.png,smm_card_004
smm_card_003,Yetimlikten Bulaşıkhaneye: Sessiz Bakış,CARDS_PART_01_INTRO.yaml,bg_hizmetkar_koridoru,bg_hizmetkar_koridoru.png,Assets/Stories/saray_mutfagindan_muhre/Backgrounds/bg_hizmetkar_koridoru.png,A,smm_card_003_a,Aç çocuğa payını bırak,choice_smm_card_003_a,choice_smm_card_003_a.png,Assets/Stories/saray_mutfagindan_muhre/Choices/choice_smm_card_003_a.png,smm_card_004
smm_card_003,Yetimlikten Bulaşıkhaneye: Sessiz Bakış,CARDS_PART_01_INTRO.yaml,bg_hizmetkar_koridoru,bg_hizmetkar_koridoru.png,Assets/Stories/saray_mutfagindan_muhre/Backgrounds/bg_hizmetkar_koridoru.png,B,smm_card_003_b,Kiler kapısını gizlice dene,choice_smm_card_003_b,choice_smm_card_003_b.png,Assets/Stories/saray_mutfagindan_muhre/Choices/choice_smm_card_003_b.png,smm_card_005
smm_card_004,Yetimlikten Bulaşıkhaneye: İnce Hesap,CARDS_PART_01_INTRO.yaml,bg_kiler_serin_tas,bg_kiler_serin_tas.png,Assets/Stories/saray_mutfagindan_muhre/Backgrounds/bg_kiler_serin_tas.png,A,smm_card_004_a,Ustanın ölçüsünü harfiyen uygula,choice_smm_card_004_a,choice_smm_card_004_a.png,Assets/Stories/saray_mutfagindan_muhre/Choices/choice_smm_card_004_a.png,smm_card_005
smm_card_004,Yetimlikten Bulaşıkhaneye: İnce Hesap,CARDS_PART_01_INTRO.yaml,bg_kiler_serin_tas,bg_kiler_serin_tas.png,Assets/Stories/saray_mutfagindan_muhre/Backgrounds/bg_kiler_serin_tas.png,B,smm_card_004_b,Kazın yürüyüşünü abartarak anlat,choice_smm_card_004_b,choice_smm_card_004_b.png,Assets/Stories/saray_mutfagindan_muhre/Choices/choice_smm_card_004_b.png,smm_card_006
smm_card_005,Yetimlikten Bulaşıkhaneye: Gizli Lekeler,CARDS_PART_01_INTRO.yaml,bg_saray_avlusu,bg_saray_avlusu.png,Assets/Stories/saray_mutfagindan_muhre/Backgrounds/bg_saray_avlusu.png,A,smm_card_005_a,Kapı nöbetçisine saygılı yaklaş,choice_smm_card_005_a,choice_smm_card_005_a.png,Assets/Stories/saray_mutfagindan_muhre/Choices/choice_smm_card_005_a.png,smm_card_006
smm_card_005,Yetimlikten Bulaşıkhaneye: Gizli Lekeler,CARDS_PART_01_INTRO.yaml,bg_saray_avlusu,bg_saray_avlusu.png,Assets/Stories/saray_mutfagindan_muhre/Backgrounds/bg_saray_avlusu.png,B,smm_card_005_b,Artan ekmeği pazara kaçır,choice_smm_card_005_b,choice_smm_card_005_b.png,Assets/Stories/saray_mutfagindan_muhre/Choices/choice_smm_card_005_b.png,smm_card_008
smm_card_006,Yetimlikten Bulaşıkhaneye: Kör Alev,CARDS_PART_01_INTRO.yaml,bg_halk_ekmek_kuyrugu,bg_halk_ekmek_kuyrugu.png,Assets/Stories/saray_mutfagindan_muhre/Backgrounds/bg_halk_ekmek_kuyrugu.png,A,smm_card_006_a,Lekeyi üstlenip gerçeği söyle,choice_smm_card_006_a,choice_smm_card_006_a.png,Assets/Stories/saray_mutfagindan_muhre/Choices/choice_smm_card_006_a.png,smm_card_007
smm_card_006,Yetimlikten Bulaşıkhaneye: Kör Alev,CARDS_PART_01_INTRO.yaml,bg_halk_ekmek_kuyrugu,bg_halk_ekmek_kuyrugu.png,Assets/Stories/saray_mutfagindan_muhre/Backgrounds/bg_halk_ekmek_kuyrugu.png,B,smm_card_006_b,Suçu kıdemsiz çırağa yönelt,choice_smm_card_006_b,choice_smm_card_006_b.png,Assets/Stories/saray_mutfagindan_muhre/Choices/choice_smm_card_006_b.png,smm_card_008
smm_card_007,Yetimlikten Bulaşıkhaneye: Üç Nohut,CARDS_PART_01_INTRO.yaml,bg_kaz_avlusu,bg_kaz_avlusu.png,Assets/Stories/saray_mutfagindan_muhre/Backgrounds/bg_kaz_avlusu.png,A,smm_card_007_a,Tabakları sessizce düzene sok,choice_smm_card_007_a,choice_smm_card_007_a.png,Assets/Stories/saray_mutfagindan_muhre/Choices/choice_smm_card_007_a.png,smm_card_008
smm_card_007,Yetimlikten Bulaşıkhaneye: Üç Nohut,CARDS_PART_01_INTRO.yaml,bg_kaz_avlusu,bg_kaz_avlusu.png,Assets/Stories/saray_mutfagindan_muhre/Backgrounds/bg_kaz_avlusu.png,B,smm_card_007_b,Fısıltıyı soytarıya sat,choice_smm_card_007_b,choice_smm_card_007_b.png,Assets/Stories/saray_mutfagindan_muhre/Choices/choice_smm_card_007_b.png,smm_card_009
smm_card_008,Yetimlikten Bulaşıkhaneye: Kapıdaki Fısıltı,CARDS_PART_01_INTRO.yaml,bg_saray_bulasikhanesi_sabah,bg_saray_bulasikhanesi_sabah.png,Assets/Stories/saray_mutfagindan_muhre/Backgrounds/bg_saray_bulasikhanesi_sabah.png,A,smm_card_008_a,Aç çocuğa payını bırak,choice_smm_card_008_a,choice_smm_card_008_a.png,Assets/Stories/saray_mutfagindan_muhre/Choices/choice_smm_card_008_a.png,smm_card_009
smm_card_008,Yetimlikten Bulaşıkhaneye: Kapıdaki Fısıltı,CARDS_PART_01_INTRO.yaml,bg_saray_bulasikhanesi_sabah,bg_saray_bulasikhanesi_sabah.png,Assets/Stories/saray_mutfagindan_muhre/Backgrounds/bg_saray_bulasikhanesi_sabah.png,B,smm_card_008_b,Kiler kapısını gizlice dene,choice_smm_card_008_b,choice_smm_card_008_b.png,Assets/Stories/saray_mutfagindan_muhre/Choices/choice_smm_card_008_b.png,smm_card_010
smm_card_009,Yetimlikten Bulaşıkhaneye: Aç Karnın Sözü,CARDS_PART_01_INTRO.yaml,bg_saray_bulasikhanesi_gece,bg_saray_bulasikhanesi_gece.png,Assets/Stories/saray_mutfagindan_muhre/Backgrounds/bg_saray_bulasikhanesi_gece.png,A,smm_card_009_a,Ustanın ölçüsünü harfiyen uygula,choice_smm_card_009_a,choice_smm_card_009_a.png,Assets/Stories/saray_mutfagindan_muhre/Choices/choice_smm_card_009_a.png,smm_card_010
smm_card_009,Yetimlikten Bulaşıkhaneye: Aç Karnın Sözü,CARDS_PART_01_INTRO.yaml,bg_saray_bulasikhanesi_gece,bg_saray_bulasikhanesi_gece.png,Assets/Stories/saray_mutfagindan_muhre/Backgrounds/bg_saray_bulasikhanesi_gece.png,B,smm_card_009_b,Kazın yürüyüşünü abartarak anlat,choice_smm_card_009_b,choice_smm_card_009_b.png,Assets/Stories/saray_mutfagindan_muhre/Choices/choice_smm_card_009_b.png,smm_card_011
smm_card_010,Yetimlikten Bulaşıkhaneye: Ustanın Sınavı,CARDS_PART_01_INTRO.yaml,bg_hizmetkar_koridoru,bg_hizmetkar_koridoru.png,Assets/Stories/saray_mutfagindan_muhre/Backgrounds/bg_hizmetkar_koridoru.png,A,smm_card_010_a,Kapı nöbetçisine saygılı yaklaş,choice_smm_card_010_a,choice_smm_card_010_a.png,Assets/Stories/saray_mutfagindan_muhre/Choices/choice_smm_card_010_a.png,smm_card_011
smm_card_010,Yetimlikten Bulaşıkhaneye: Ustanın Sınavı,CARDS_PART_01_INTRO.yaml,bg_hizmetkar_koridoru,bg_hizmetkar_koridoru.png,Assets/Stories/saray_mutfagindan_muhre/Backgrounds/bg_hizmetkar_koridoru.png,B,smm_card_010_b,Artan ekmeği pazara kaçır,choice_smm_card_010_b,choice_smm_card_010_b.png,Assets/Stories/saray_mutfagindan_muhre/Choices/choice_smm_card_010_b.png,smm_card_013
smm_card_011,Yetimlikten Bulaşıkhaneye: Kazanın Gölgesi,CARDS_PART_01_INTRO.yaml,bg_kiler_serin_tas,bg_kiler_serin_tas.png,Assets/Stories/saray_mutfagindan_muhre/Backgrounds/bg_kiler_serin_tas.png,A,smm_card_011_a,Lekeyi üstlenip gerçeği söyle,choice_smm_card_011_a,choice_smm_card_011_a.png,Assets/Stories/saray_mutfagindan_muhre/Choices/choice_smm_card_011_a.png,smm_card_012
smm_card_011,Yetimlikten Bulaşıkhaneye: Kazanın Gölgesi,CARDS_PART_01_INTRO.yaml,bg_kiler_serin_tas,bg_kiler_serin_tas.png,Assets/Stories/saray_mutfagindan_muhre/Backgrounds/bg_kiler_serin_tas.png,B,smm_card_011_b,Suçu kıdemsiz çırağa yönelt,choice_smm_card_011_b,choice_smm_card_011_b.png,Assets/Stories/saray_mutfagindan_muhre/Choices/choice_smm_card_011_b.png,smm_card_013
smm_card_012,Yetimlikten Bulaşıkhaneye: Tuz ve Yemin,CARDS_PART_01_INTRO.yaml,bg_saray_avlusu,bg_saray_avlusu.png,Assets/Stories/saray_mutfagindan_muhre/Backgrounds/bg_saray_avlusu.png,A,smm_card_012_a,Tabakları sessizce düzene sok,choice_smm_card_012_a,choice_smm_card_012_a.png,Assets/Stories/saray_mutfagindan_muhre/Choices/choice_smm_card_012_a.png,smm_card_013
smm_card_012,Yetimlikten Bulaşıkhaneye: Tuz ve Yemin,CARDS_PART_01_INTRO.yaml,bg_saray_avlusu,bg_saray_avlusu.png,Assets/Stories/saray_mutfagindan_muhre/Backgrounds/bg_saray_avlusu.png,B,smm_card_012_b,Fısıltıyı soytarıya sat,choice_smm_card_012_b,choice_smm_card_012_b.png,Assets/Stories/saray_mutfagindan_muhre/Choices/choice_smm_card_012_b.png,smm_card_014
smm_card_013,Yetimlikten Bulaşıkhaneye: Kırık Tabak,CARDS_PART_01_INTRO.yaml,bg_halk_ekmek_kuyrugu,bg_halk_ekmek_kuyrugu.png,Assets/Stories/saray_mutfagindan_muhre/Backgrounds/bg_halk_ekmek_kuyrugu.png,A,smm_card_013_a,Aç çocuğa payını bırak,choice_smm_card_013_a,choice_smm_card_013_a.png,Assets/Stories/saray_mutfagindan_muhre/Choices/choice_smm_card_013_a.png,smm_card_014
smm_card_013,Yetimlikten Bulaşıkhaneye: Kırık Tabak,CARDS_PART_01_INTRO.yaml,bg_halk_ekmek_kuyrugu,bg_halk_ekmek_kuyrugu.png,Assets/Stories/saray_mutfagindan_muhre/Backgrounds/bg_halk_ekmek_kuyrugu.png,B,smm_card_013_b,Kiler kapısını gizlice dene,choice_smm_card_013_b,choice_smm_card_013_b.png,Assets/Stories/saray_mutfagindan_muhre/Choices/choice_smm_card_013_b.png,smm_card_015
smm_card_014,Yetimlikten Bulaşıkhaneye: Mum Işığı,CARDS_PART_01_INTRO.yaml,bg_kaz_avlusu,bg_kaz_avlusu.png,Assets/Stories/saray_mutfagindan_muhre/Backgrounds/bg_kaz_avlusu.png,A,smm_card_014_a,Ustanın ölçüsünü harfiyen uygula,choice_smm_card_014_a,choice_smm_card_014_a.png,Assets/Stories/saray_mutfagindan_muhre/Choices/choice_smm_card_014_a.png,smm_card_015
smm_card_014,Yetimlikten Bulaşıkhaneye: Mum Işığı,CARDS_PART_01_INTRO.yaml,bg_kaz_avlusu,bg_kaz_avlusu.png,Assets/Stories/saray_mutfagindan_muhre/Backgrounds/bg_kaz_avlusu.png,B,smm_card_014_b,Kazın yürüyüşünü abartarak anlat,choice_smm_card_014_b,choice_smm_card_014_b.png,Assets/Stories/saray_mutfagindan_muhre/Choices/choice_smm_card_014_b.png,smm_card_016
smm_card_015,Yetimlikten Bulaşıkhaneye: Gece Nöbeti,CARDS_PART_01_INTRO.yaml,bg_saray_bulasikhanesi_sabah,bg_saray_bulasikhanesi_sabah.png,Assets/Stories/saray_mutfagindan_muhre/Backgrounds/bg_saray_bulasikhanesi_sabah.png,A,smm_card_015_a,Kapı nöbetçisine saygılı yaklaş,choice_smm_card_015_a,choice_smm_card_015_a.png,Assets/Stories/saray_mutfagindan_muhre/Choices/choice_smm_card_015_a.png,smm_card_016
smm_card_015,Yetimlikten Bulaşıkhaneye: Gece Nöbeti,CARDS_PART_01_INTRO.yaml,bg_saray_bulasikhanesi_sabah,bg_saray_bulasikhanesi_sabah.png,Assets/Stories/saray_mutfagindan_muhre/Backgrounds/bg_saray_bulasikhanesi_sabah.png,B,smm_card_015_b,Artan ekmeği pazara kaçır,choice_smm_card_015_b,choice_smm_card_015_b.png,Assets/Stories/saray_mutfagindan_muhre/Choices/choice_smm_card_015_b.png,smm_card_018
smm_card_016,Yetimlikten Bulaşıkhaneye: Kilitli Raf,CARDS_PART_01_INTRO.yaml,bg_saray_bulasikhanesi_gece,bg_saray_bulasikhanesi_gece.png,Assets/Stories/saray_mutfagindan_muhre/Backgrounds/bg_saray_bulasikhanesi_gece.png,A,smm_card_016_a,Lekeyi üstlenip gerçeği söyle,choice_smm_card_016_a,choice_smm_card_016_a.png,Assets/Stories/saray_mutfagindan_muhre/Choices/choice_smm_card_016_a.png,smm_card_017
smm_card_016,Yetimlikten Bulaşıkhaneye: Kilitli Raf,CARDS_PART_01_INTRO.yaml,bg_saray_bulasikhanesi_gece,bg_saray_bulasikhanesi_gece.png,Assets/Stories/saray_mutfagindan_muhre/Backgrounds/bg_saray_bulasikhanesi_gece.png,B,smm_card_016_b,Suçu kıdemsiz çırağa yönelt,choice_smm_card_016_b,choice_smm_card_016_b.png,Assets/Stories/saray_mutfagindan_muhre/Choices/choice_smm_card_016_b.png,smm_card_018
smm_card_017,Yetimlikten Bulaşıkhaneye: Sarayın Kulağı,CARDS_PART_01_INTRO.yaml,bg_hizmetkar_koridoru,bg_hizmetkar_koridoru.png,Assets/Stories/saray_mutfagindan_muhre/Backgrounds/bg_hizmetkar_koridoru.png,A,smm_card_017_a,Tabakları sessizce düzene sok,choice_smm_card_017_a,choice_smm_card_017_a.png,Assets/Stories/saray_mutfagindan_muhre/Choices/choice_smm_card_017_a.png,smm_card_018
smm_card_017,Yetimlikten Bulaşıkhaneye: Sarayın Kulağı,CARDS_PART_01_INTRO.yaml,bg_hizmetkar_koridoru,bg_hizmetkar_koridoru.png,Assets/Stories/saray_mutfagindan_muhre/Backgrounds/bg_hizmetkar_koridoru.png,B,smm_card_017_b,Fısıltıyı soytarıya sat,choice_smm_card_017_b,choice_smm_card_017_b.png,Assets/Stories/saray_mutfagindan_muhre/Choices/choice_smm_card_017_b.png,smm_card_019
smm_card_018,Yetimlikten Bulaşıkhaneye: Yağ Halkası,CARDS_PART_01_INTRO.yaml,bg_kiler_serin_tas,bg_kiler_serin_tas.png,Assets/Stories/saray_mutfagindan_muhre/Backgrounds/bg_kiler_serin_tas.png,A,smm_card_018_a,Aç çocuğa payını bırak,choice_smm_card_018_a,choice_smm_card_018_a.png,Assets/Stories/saray_mutfagindan_muhre/Choices/choice_smm_card_018_a.png,smm_card_019
smm_card_018,Yetimlikten Bulaşıkhaneye: Yağ Halkası,CARDS_PART_01_INTRO.yaml,bg_kiler_serin_tas,bg_kiler_serin_tas.png,Assets/Stories/saray_mutfagindan_muhre/Backgrounds/bg_kiler_serin_tas.png,B,smm_card_018_b,Kiler kapısını gizlice dene,choice_smm_card_018_b,choice_smm_card_018_b.png,Assets/Stories/saray_mutfagindan_muhre/Choices/choice_smm_card_018_b.png,smm_card_020
smm_card_019,Yetimlikten Bulaşıkhaneye: Ak Gaga'nın Yolu,CARDS_PART_01_INTRO.yaml,bg_saray_avlusu,bg_saray_avlusu.png,Assets/Stories/saray_mutfagindan_muhre/Backgrounds/bg_saray_avlusu.png,A,smm_card_019_a,Ustanın ölçüsünü harfiyen uygula,choice_smm_card_019_a,choice_smm_card_019_a.png,Assets/Stories/saray_mutfagindan_muhre/Choices/choice_smm_card_019_a.png,smm_card_020
smm_card_019,Yetimlikten Bulaşıkhaneye: Ak Gaga'nın Yolu,CARDS_PART_01_INTRO.yaml,bg_saray_avlusu,bg_saray_avlusu.png,Assets/Stories/saray_mutfagindan_muhre/Backgrounds/bg_saray_avlusu.png,B,smm_card_019_b,Kazın yürüyüşünü abartarak anlat,choice_smm_card_019_b,choice_smm_card_019_b.png,Assets/Stories/saray_mutfagindan_muhre/Choices/choice_smm_card_019_b.png,smm_card_021
smm_card_020,Yetimlikten Bulaşıkhaneye: Gümüş Kaşık,CARDS_PART_01_INTRO.yaml,bg_halk_ekmek_kuyrugu,bg_halk_ekmek_kuyrugu.png,Assets/Stories/saray_mutfagindan_muhre/Backgrounds/bg_halk_ekmek_kuyrugu.png,A,smm_card_020_a,Kapı nöbetçisine saygılı yaklaş,choice_smm_card_020_a,choice_smm_card_020_a.png,Assets/Stories/saray_mutfagindan_muhre/Choices/choice_smm_card_020_a.png,smm_card_021
smm_card_020,Yetimlikten Bulaşıkhaneye: Gümüş Kaşık,CARDS_PART_01_INTRO.yaml,bg_halk_ekmek_kuyrugu,bg_halk_ekmek_kuyrugu.png,Assets/Stories/saray_mutfagindan_muhre/Backgrounds/bg_halk_ekmek_kuyrugu.png,B,smm_card_020_b,Artan ekmeği pazara kaçır,choice_smm_card_020_b,choice_smm_card_020_b.png,Assets/Stories/saray_mutfagindan_muhre/Choices/choice_smm_card_020_b.png,smm_card_023
smm_card_021,Yetimlikten Bulaşıkhaneye: Kayıp Ölçü,CARDS_PART_01_INTRO.yaml,bg_kaz_avlusu,bg_kaz_avlusu.png,Assets/Stories/saray_mutfagindan_muhre/Backgrounds/bg_kaz_avlusu.png,A,smm_card_021_a,Lekeyi üstlenip gerçeği söyle,choice_smm_card_021_a,choice_smm_card_021_a.png,Assets/Stories/saray_mutfagindan_muhre/Choices/choice_smm_card_021_a.png,smm_card_022
smm_card_021,Yetimlikten Bulaşıkhaneye: Kayıp Ölçü,CARDS_PART_01_INTRO.yaml,bg_kaz_avlusu,bg_kaz_avlusu.png,Assets/Stories/saray_mutfagindan_muhre/Backgrounds/bg_kaz_avlusu.png,B,smm_card_021_b,Suçu kıdemsiz çırağa yönelt,choice_smm_card_021_b,choice_smm_card_021_b.png,Assets/Stories/saray_mutfagindan_muhre/Choices/choice_smm_card_021_b.png,smm_card_023
smm_card_022,Yetimlikten Bulaşıkhaneye: Kuyrukta Ekmek,CARDS_PART_01_INTRO.yaml,bg_saray_bulasikhanesi_sabah,bg_saray_bulasikhanesi_sabah.png,Assets/Stories/saray_mutfagindan_muhre/Backgrounds/bg_saray_bulasikhanesi_sabah.png,A,smm_card_022_a,Tabakları sessizce düzene sok,choice_smm_card_022_a,choice_smm_card_022_a.png,Assets/Stories/saray_mutfagindan_muhre/Choices/choice_smm_card_022_a.png,smm_card_023
smm_card_022,Yetimlikten Bulaşıkhaneye: Kuyrukta Ekmek,CARDS_PART_01_INTRO.yaml,bg_saray_bulasikhanesi_sabah,bg_saray_bulasikhanesi_sabah.png,Assets/Stories/saray_mutfagindan_muhre/Backgrounds/bg_saray_bulasikhanesi_sabah.png,B,smm_card_022_b,Fısıltıyı soytarıya sat,choice_smm_card_022_b,choice_smm_card_022_b.png,Assets/Stories/saray_mutfagindan_muhre/Choices/choice_smm_card_022_b.png,smm_card_024
smm_card_023,Yetimlikten Bulaşıkhaneye: Keskin Koku,CARDS_PART_01_INTRO.yaml,bg_saray_bulasikhanesi_gece,bg_saray_bulasikhanesi_gece.png,Assets/Stories/saray_mutfagindan_muhre/Backgrounds/bg_saray_bulasikhanesi_gece.png,A,smm_card_023_a,Aç çocuğa payını bırak,choice_smm_card_023_a,choice_smm_card_023_a.png,Assets/Stories/saray_mutfagindan_muhre/Choices/choice_smm_card_023_a.png,smm_card_024
smm_card_023,Yetimlikten Bulaşıkhaneye: Keskin Koku,CARDS_PART_01_INTRO.yaml,bg_saray_bulasikhanesi_gece,bg_saray_bulasikhanesi_gece.png,Assets/Stories/saray_mutfagindan_muhre/Backgrounds/bg_saray_bulasikhanesi_gece.png,B,smm_card_023_b,Kiler kapısını gizlice dene,choice_smm_card_023_b,choice_smm_card_023_b.png,Assets/Stories/saray_mutfagindan_muhre/Choices/choice_smm_card_023_b.png,smm_card_025
smm_card_024,Yetimlikten Bulaşıkhaneye: Mühre Giden İz,CARDS_PART_01_INTRO.yaml,bg_hizmetkar_koridoru,bg_hizmetkar_koridoru.png,Assets/Stories/saray_mutfagindan_muhre/Backgrounds/bg_hizmetkar_koridoru.png,A,smm_card_024_a,Ustanın ölçüsünü harfiyen uygula,choice_smm_card_024_a,choice_smm_card_024_a.png,Assets/Stories/saray_mutfagindan_muhre/Choices/choice_smm_card_024_a.png,smm_card_025
smm_card_024,Yetimlikten Bulaşıkhaneye: Mühre Giden İz,CARDS_PART_01_INTRO.yaml,bg_hizmetkar_koridoru,bg_hizmetkar_koridoru.png,Assets/Stories/saray_mutfagindan_muhre/Backgrounds/bg_hizmetkar_koridoru.png,B,smm_card_024_b,Kazın yürüyüşünü abartarak anlat,choice_smm_card_024_b,choice_smm_card_024_b.png,Assets/Stories/saray_mutfagindan_muhre/Choices/choice_smm_card_024_b.png,smm_card_026
smm_card_025,Yetimlikten Bulaşıkhaneye: Dar Boğaz,CARDS_PART_01_INTRO.yaml,bg_kiler_serin_tas,bg_kiler_serin_tas.png,Assets/Stories/saray_mutfagindan_muhre/Backgrounds/bg_kiler_serin_tas.png,A,smm_card_025_a,Kapı nöbetçisine saygılı yaklaş,choice_smm_card_025_a,choice_smm_card_025_a.png,Assets/Stories/saray_mutfagindan_muhre/Choices/choice_smm_card_025_a.png,smm_card_026
smm_card_025,Yetimlikten Bulaşıkhaneye: Dar Boğaz,CARDS_PART_01_INTRO.yaml,bg_kiler_serin_tas,bg_kiler_serin_tas.png,Assets/Stories/saray_mutfagindan_muhre/Backgrounds/bg_kiler_serin_tas.png,B,smm_card_025_b,Artan ekmeği pazara kaçır,choice_smm_card_025_b,choice_smm_card_025_b.png,Assets/Stories/saray_mutfagindan_muhre/Choices/choice_smm_card_025_b.png,smm_card_028
smm_card_026,Büyük Mutfakta Yükseliş: İlk Eşik,CARDS_PART_02_KITCHEN_RISE.yaml,bg_buyuk_mutfak_atesli,bg_buyuk_mutfak_atesli.png,Assets/Stories/saray_mutfagindan_muhre/Backgrounds/bg_buyuk_mutfak_atesli.png,A,smm_card_026_a,Kazanı ustanın yöntemiyle kurtar,choice_smm_card_026_a,choice_smm_card_026_a.png,Assets/Stories/saray_mutfagindan_muhre/Choices/choice_smm_card_026_a.png,smm_card_027
smm_card_026,Büyük Mutfakta Yükseliş: İlk Eşik,CARDS_PART_02_KITCHEN_RISE.yaml,bg_buyuk_mutfak_atesli,bg_buyuk_mutfak_atesli.png,Assets/Stories/saray_mutfagindan_muhre/Backgrounds/bg_buyuk_mutfak_atesli.png,B,smm_card_026_b,Lezzeti gizli baharatla yükselt,choice_smm_card_026_b,choice_smm_card_026_b.png,Assets/Stories/saray_mutfagindan_muhre/Choices/choice_smm_card_026_b.png,smm_card_028
smm_card_027,Büyük Mutfakta Yükseliş: Sıcak Bakır,CARDS_PART_02_KITCHEN_RISE.yaml,bg_buyuk_mutfak_sakin,bg_buyuk_mutfak_sakin.png,Assets/Stories/saray_mutfagindan_muhre/Backgrounds/bg_buyuk_mutfak_sakin.png,A,smm_card_027_a,Baharatı ölçerek sabırla ekle,choice_smm_card_027_a,choice_smm_card_027_a.png,Assets/Stories/saray_mutfagindan_muhre/Choices/choice_smm_card_027_a.png,smm_card_028
smm_card_027,Büyük Mutfakta Yükseliş: Sıcak Bakır,CARDS_PART_02_KITCHEN_RISE.yaml,bg_buyuk_mutfak_sakin,bg_buyuk_mutfak_sakin.png,Assets/Stories/saray_mutfagindan_muhre/Backgrounds/bg_buyuk_mutfak_sakin.png,B,smm_card_027_b,Ustanın tarifini kendi adına geçir,choice_smm_card_027_b,choice_smm_card_027_b.png,Assets/Stories/saray_mutfagindan_muhre/Choices/choice_smm_card_027_b.png,smm_card_029
smm_card_028,Büyük Mutfakta Yükseliş: Sessiz Bakış,CARDS_PART_02_KITCHEN_RISE.yaml,bg_baharat_odasi_safran,bg_baharat_odasi_safran.png,Assets/Stories/saray_mutfagindan_muhre/Backgrounds/bg_baharat_odasi_safran.png,A,smm_card_028_a,Hükümdarın tabağını temiz tut,choice_smm_card_028_a,choice_smm_card_028_a.png,Assets/Stories/saray_mutfagindan_muhre/Choices/choice_smm_card_028_a.png,smm_card_029
smm_card_028,Büyük Mutfakta Yükseliş: Sessiz Bakış,CARDS_PART_02_KITCHEN_RISE.yaml,bg_baharat_odasi_safran,bg_baharat_odasi_safran.png,Assets/Stories/saray_mutfagindan_muhre/Backgrounds/bg_baharat_odasi_safran.png,B,smm_card_028_b,Hükümdarın tabağına işaret bırak,choice_smm_card_028_b,choice_smm_card_028_b.png,Assets/Stories/saray_mutfagindan_muhre/Choices/choice_smm_card_028_b.png,smm_card_030
smm_card_029,Büyük Mutfakta Yükseliş: İnce Hesap,CARDS_PART_02_KITCHEN_RISE.yaml,bg_saray_bulasikhanesi_gece,bg_saray_bulasikhanesi_gece.png,Assets/Stories/saray_mutfagindan_muhre/Backgrounds/bg_saray_bulasikhanesi_gece.png,A,smm_card_029_a,Yamakları adil biçimde sırala,choice_smm_card_029_a,choice_smm_card_029_a.png,Assets/Stories/saray_mutfagindan_muhre/Choices/choice_smm_card_029_a.png,smm_card_030
smm_card_029,Büyük Mutfakta Yükseliş: İnce Hesap,CARDS_PART_02_KITCHEN_RISE.yaml,bg_saray_bulasikhanesi_gece,bg_saray_bulasikhanesi_gece.png,Assets/Stories/saray_mutfagindan_muhre/Backgrounds/bg_saray_bulasikhanesi_gece.png,B,smm_card_029_b,Yamakları birbirine düşür,choice_smm_card_029_b,choice_smm_card_029_b.png,Assets/Stories/saray_mutfagindan_muhre/Choices/choice_smm_card_029_b.png,smm_card_031
smm_card_030,Büyük Mutfakta Yükseliş: Gizli Lekeler,CARDS_PART_02_KITCHEN_RISE.yaml,bg_taht_salonu,bg_taht_salonu.png,Assets/Stories/saray_mutfagindan_muhre/Backgrounds/bg_taht_salonu.png,A,smm_card_030_a,Eksik eti deftere açık yaz,choice_smm_card_030_a,choice_smm_card_030_a.png,Assets/Stories/saray_mutfagindan_muhre/Choices/choice_smm_card_030_a.png,smm_card_031
smm_card_030,Büyük Mutfakta Yükseliş: Gizli Lekeler,CARDS_PART_02_KITCHEN_RISE.yaml,bg_taht_salonu,bg_taht_salonu.png,Assets/Stories/saray_mutfagindan_muhre/Backgrounds/bg_taht_salonu.png,B,smm_card_030_b,Eksik eti fısıltıyla kapat,choice_smm_card_030_b,choice_smm_card_030_b.png,Assets/Stories/saray_mutfagindan_muhre/Choices/choice_smm_card_030_b.png,smm_card_033
smm_card_031,Büyük Mutfakta Yükseliş: Kör Alev,CARDS_PART_02_KITCHEN_RISE.yaml,bg_mutfak_cati_arasi,bg_mutfak_cati_arasi.png,Assets/Stories/saray_mutfagindan_muhre/Backgrounds/bg_mutfak_cati_arasi.png,A,smm_card_031_a,Kazanı ustanın yöntemiyle kurtar,choice_smm_card_031_a,choice_smm_card_031_a.png,Assets/Stories/saray_mutfagindan_muhre/Choices/choice_smm_card_031_a.png,smm_card_032
smm_card_031,Büyük Mutfakta Yükseliş: Kör Alev,CARDS_PART_02_KITCHEN_RISE.yaml,bg_mutfak_cati_arasi,bg_mutfak_cati_arasi.png,Assets/Stories/saray_mutfagindan_muhre/Backgrounds/bg_mutfak_cati_arasi.png,B,smm_card_031_b,Lezzeti gizli baharatla yükselt,choice_smm_card_031_b,choice_smm_card_031_b.png,Assets/Stories/saray_mutfagindan_muhre/Choices/choice_smm_card_031_b.png,smm_card_033
smm_card_032,Büyük Mutfakta Yükseliş: Üç Nohut,CARDS_PART_02_KITCHEN_RISE.yaml,bg_buyuk_mutfak_atesli,bg_buyuk_mutfak_atesli.png,Assets/Stories/saray_mutfagindan_muhre/Backgrounds/bg_buyuk_mutfak_atesli.png,A,smm_card_032_a,Baharatı ölçerek sabırla ekle,choice_smm_card_032_a,choice_smm_card_032_a.png,Assets/Stories/saray_mutfagindan_muhre/Choices/choice_smm_card_032_a.png,smm_card_033
smm_card_032,Büyük Mutfakta Yükseliş: Üç Nohut,CARDS_PART_02_KITCHEN_RISE.yaml,bg_buyuk_mutfak_atesli,bg_buyuk_mutfak_atesli.png,Assets/Stories/saray_mutfagindan_muhre/Backgrounds/bg_buyuk_mutfak_atesli.png,B,smm_card_032_b,Ustanın tarifini kendi adına geçir,choice_smm_card_032_b,choice_smm_card_032_b.png,Assets/Stories/saray_mutfagindan_muhre/Choices/choice_smm_card_032_b.png,smm_card_034
smm_card_033,Büyük Mutfakta Yükseliş: Kapıdaki Fısıltı,CARDS_PART_02_KITCHEN_RISE.yaml,bg_buyuk_mutfak_sakin,bg_buyuk_mutfak_sakin.png,Assets/Stories/saray_mutfagindan_muhre/Backgrounds/bg_buyuk_mutfak_sakin.png,A,smm_card_033_a,Hükümdarın tabağını temiz tut,choice_smm_card_033_a,choice_smm_card_033_a.png,Assets/Stories/saray_mutfagindan_muhre/Choices/choice_smm_card_033_a.png,smm_card_034
smm_card_033,Büyük Mutfakta Yükseliş: Kapıdaki Fısıltı,CARDS_PART_02_KITCHEN_RISE.yaml,bg_buyuk_mutfak_sakin,bg_buyuk_mutfak_sakin.png,Assets/Stories/saray_mutfagindan_muhre/Backgrounds/bg_buyuk_mutfak_sakin.png,B,smm_card_033_b,Hükümdarın tabağına işaret bırak,choice_smm_card_033_b,choice_smm_card_033_b.png,Assets/Stories/saray_mutfagindan_muhre/Choices/choice_smm_card_033_b.png,smm_card_035
smm_card_034,Büyük Mutfakta Yükseliş: Aç Karnın Sözü,CARDS_PART_02_KITCHEN_RISE.yaml,bg_baharat_odasi_safran,bg_baharat_odasi_safran.png,Assets/Stories/saray_mutfagindan_muhre/Backgrounds/bg_baharat_odasi_safran.png,A,smm_card_034_a,Yamakları adil biçimde sırala,choice_smm_card_034_a,choice_smm_card_034_a.png,Assets/Stories/saray_mutfagindan_muhre/Choices/choice_smm_card_034_a.png,smm_card_035
smm_card_034,Büyük Mutfakta Yükseliş: Aç Karnın Sözü,CARDS_PART_02_KITCHEN_RISE.yaml,bg_baharat_odasi_safran,bg_baharat_odasi_safran.png,Assets/Stories/saray_mutfagindan_muhre/Backgrounds/bg_baharat_odasi_safran.png,B,smm_card_034_b,Yamakları birbirine düşür,choice_smm_card_034_b,choice_smm_card_034_b.png,Assets/Stories/saray_mutfagindan_muhre/Choices/choice_smm_card_034_b.png,smm_card_036
smm_card_035,Büyük Mutfakta Yükseliş: Ustanın Sınavı,CARDS_PART_02_KITCHEN_RISE.yaml,bg_saray_bulasikhanesi_gece,bg_saray_bulasikhanesi_gece.png,Assets/Stories/saray_mutfagindan_muhre/Backgrounds/bg_saray_bulasikhanesi_gece.png,A,smm_card_035_a,Eksik eti deftere açık yaz,choice_smm_card_035_a,choice_smm_card_035_a.png,Assets/Stories/saray_mutfagindan_muhre/Choices/choice_smm_card_035_a.png,smm_card_036
smm_card_035,Büyük Mutfakta Yükseliş: Ustanın Sınavı,CARDS_PART_02_KITCHEN_RISE.yaml,bg_saray_bulasikhanesi_gece,bg_saray_bulasikhanesi_gece.png,Assets/Stories/saray_mutfagindan_muhre/Backgrounds/bg_saray_bulasikhanesi_gece.png,B,smm_card_035_b,Eksik eti fısıltıyla kapat,choice_smm_card_035_b,choice_smm_card_035_b.png,Assets/Stories/saray_mutfagindan_muhre/Choices/choice_smm_card_035_b.png,smm_card_038
smm_card_036,Büyük Mutfakta Yükseliş: Kazanın Gölgesi,CARDS_PART_02_KITCHEN_RISE.yaml,bg_taht_salonu,bg_taht_salonu.png,Assets/Stories/saray_mutfagindan_muhre/Backgrounds/bg_taht_salonu.png,A,smm_card_036_a,Kazanı ustanın yöntemiyle kurtar,choice_smm_card_036_a,choice_smm_card_036_a.png,Assets/Stories/saray_mutfagindan_muhre/Choices/choice_smm_card_036_a.png,smm_card_037
smm_card_036,Büyük Mutfakta Yükseliş: Kazanın Gölgesi,CARDS_PART_02_KITCHEN_RISE.yaml,bg_taht_salonu,bg_taht_salonu.png,Assets/Stories/saray_mutfagindan_muhre/Backgrounds/bg_taht_salonu.png,B,smm_card_036_b,Lezzeti gizli baharatla yükselt,choice_smm_card_036_b,choice_smm_card_036_b.png,Assets/Stories/saray_mutfagindan_muhre/Choices/choice_smm_card_036_b.png,smm_card_038
smm_card_037,Büyük Mutfakta Yükseliş: Tuz ve Yemin,CARDS_PART_02_KITCHEN_RISE.yaml,bg_mutfak_cati_arasi,bg_mutfak_cati_arasi.png,Assets/Stories/saray_mutfagindan_muhre/Backgrounds/bg_mutfak_cati_arasi.png,A,smm_card_037_a,Baharatı ölçerek sabırla ekle,choice_smm_card_037_a,choice_smm_card_037_a.png,Assets/Stories/saray_mutfagindan_muhre/Choices/choice_smm_card_037_a.png,smm_card_038
smm_card_037,Büyük Mutfakta Yükseliş: Tuz ve Yemin,CARDS_PART_02_KITCHEN_RISE.yaml,bg_mutfak_cati_arasi,bg_mutfak_cati_arasi.png,Assets/Stories/saray_mutfagindan_muhre/Backgrounds/bg_mutfak_cati_arasi.png,B,smm_card_037_b,Ustanın tarifini kendi adına geçir,choice_smm_card_037_b,choice_smm_card_037_b.png,Assets/Stories/saray_mutfagindan_muhre/Choices/choice_smm_card_037_b.png,smm_card_039
smm_card_038,Büyük Mutfakta Yükseliş: Kırık Tabak,CARDS_PART_02_KITCHEN_RISE.yaml,bg_buyuk_mutfak_atesli,bg_buyuk_mutfak_atesli.png,Assets/Stories/saray_mutfagindan_muhre/Backgrounds/bg_buyuk_mutfak_atesli.png,A,smm_card_038_a,Hükümdarın tabağını temiz tut,choice_smm_card_038_a,choice_smm_card_038_a.png,Assets/Stories/saray_mutfagindan_muhre/Choices/choice_smm_card_038_a.png,smm_card_039
smm_card_038,Büyük Mutfakta Yükseliş: Kırık Tabak,CARDS_PART_02_KITCHEN_RISE.yaml,bg_buyuk_mutfak_atesli,bg_buyuk_mutfak_atesli.png,Assets/Stories/saray_mutfagindan_muhre/Backgrounds/bg_buyuk_mutfak_atesli.png,B,smm_card_038_b,Hükümdarın tabağına işaret bırak,choice_smm_card_038_b,choice_smm_card_038_b.png,Assets/Stories/saray_mutfagindan_muhre/Choices/choice_smm_card_038_b.png,smm_card_040
smm_card_039,Büyük Mutfakta Yükseliş: Mum Işığı,CARDS_PART_02_KITCHEN_RISE.yaml,bg_buyuk_mutfak_sakin,bg_buyuk_mutfak_sakin.png,Assets/Stories/saray_mutfagindan_muhre/Backgrounds/bg_buyuk_mutfak_sakin.png,A,smm_card_039_a,Yamakları adil biçimde sırala,choice_smm_card_039_a,choice_smm_card_039_a.png,Assets/Stories/saray_mutfagindan_muhre/Choices/choice_smm_card_039_a.png,smm_card_040
smm_card_039,Büyük Mutfakta Yükseliş: Mum Işığı,CARDS_PART_02_KITCHEN_RISE.yaml,bg_buyuk_mutfak_sakin,bg_buyuk_mutfak_sakin.png,Assets/Stories/saray_mutfagindan_muhre/Backgrounds/bg_buyuk_mutfak_sakin.png,B,smm_card_039_b,Yamakları birbirine düşür,choice_smm_card_039_b,choice_smm_card_039_b.png,Assets/Stories/saray_mutfagindan_muhre/Choices/choice_smm_card_039_b.png,smm_card_041
smm_card_040,Büyük Mutfakta Yükseliş: Gece Nöbeti,CARDS_PART_02_KITCHEN_RISE.yaml,bg_baharat_odasi_safran,bg_baharat_odasi_safran.png,Assets/Stories/saray_mutfagindan_muhre/Backgrounds/bg_baharat_odasi_safran.png,A,smm_card_040_a,Eksik eti deftere açık yaz,choice_smm_card_040_a,choice_smm_card_040_a.png,Assets/Stories/saray_mutfagindan_muhre/Choices/choice_smm_card_040_a.png,smm_card_041
smm_card_040,Büyük Mutfakta Yükseliş: Gece Nöbeti,CARDS_PART_02_KITCHEN_RISE.yaml,bg_baharat_odasi_safran,bg_baharat_odasi_safran.png,Assets/Stories/saray_mutfagindan_muhre/Backgrounds/bg_baharat_odasi_safran.png,B,smm_card_040_b,Eksik eti fısıltıyla kapat,choice_smm_card_040_b,choice_smm_card_040_b.png,Assets/Stories/saray_mutfagindan_muhre/Choices/choice_smm_card_040_b.png,smm_card_043
smm_card_041,Büyük Mutfakta Yükseliş: Kilitli Raf,CARDS_PART_02_KITCHEN_RISE.yaml,bg_saray_bulasikhanesi_gece,bg_saray_bulasikhanesi_gece.png,Assets/Stories/saray_mutfagindan_muhre/Backgrounds/bg_saray_bulasikhanesi_gece.png,A,smm_card_041_a,Kazanı ustanın yöntemiyle kurtar,choice_smm_card_041_a,choice_smm_card_041_a.png,Assets/Stories/saray_mutfagindan_muhre/Choices/choice_smm_card_041_a.png,smm_card_042
smm_card_041,Büyük Mutfakta Yükseliş: Kilitli Raf,CARDS_PART_02_KITCHEN_RISE.yaml,bg_saray_bulasikhanesi_gece,bg_saray_bulasikhanesi_gece.png,Assets/Stories/saray_mutfagindan_muhre/Backgrounds/bg_saray_bulasikhanesi_gece.png,B,smm_card_041_b,Lezzeti gizli baharatla yükselt,choice_smm_card_041_b,choice_smm_card_041_b.png,Assets/Stories/saray_mutfagindan_muhre/Choices/choice_smm_card_041_b.png,smm_card_043
smm_card_042,Büyük Mutfakta Yükseliş: Sarayın Kulağı,CARDS_PART_02_KITCHEN_RISE.yaml,bg_taht_salonu,bg_taht_salonu.png,Assets/Stories/saray_mutfagindan_muhre/Backgrounds/bg_taht_salonu.png,A,smm_card_042_a,Baharatı ölçerek sabırla ekle,choice_smm_card_042_a,choice_smm_card_042_a.png,Assets/Stories/saray_mutfagindan_muhre/Choices/choice_smm_card_042_a.png,smm_card_043
smm_card_042,Büyük Mutfakta Yükseliş: Sarayın Kulağı,CARDS_PART_02_KITCHEN_RISE.yaml,bg_taht_salonu,bg_taht_salonu.png,Assets/Stories/saray_mutfagindan_muhre/Backgrounds/bg_taht_salonu.png,B,smm_card_042_b,Ustanın tarifini kendi adına geçir,choice_smm_card_042_b,choice_smm_card_042_b.png,Assets/Stories/saray_mutfagindan_muhre/Choices/choice_smm_card_042_b.png,smm_card_044
smm_card_043,Büyük Mutfakta Yükseliş: Yağ Halkası,CARDS_PART_02_KITCHEN_RISE.yaml,bg_mutfak_cati_arasi,bg_mutfak_cati_arasi.png,Assets/Stories/saray_mutfagindan_muhre/Backgrounds/bg_mutfak_cati_arasi.png,A,smm_card_043_a,Hükümdarın tabağını temiz tut,choice_smm_card_043_a,choice_smm_card_043_a.png,Assets/Stories/saray_mutfagindan_muhre/Choices/choice_smm_card_043_a.png,smm_card_044
smm_card_043,Büyük Mutfakta Yükseliş: Yağ Halkası,CARDS_PART_02_KITCHEN_RISE.yaml,bg_mutfak_cati_arasi,bg_mutfak_cati_arasi.png,Assets/Stories/saray_mutfagindan_muhre/Backgrounds/bg_mutfak_cati_arasi.png,B,smm_card_043_b,Hükümdarın tabağına işaret bırak,choice_smm_card_043_b,choice_smm_card_043_b.png,Assets/Stories/saray_mutfagindan_muhre/Choices/choice_smm_card_043_b.png,smm_card_045
smm_card_044,Büyük Mutfakta Yükseliş: Ak Gaga'nın Yolu,CARDS_PART_02_KITCHEN_RISE.yaml,bg_buyuk_mutfak_atesli,bg_buyuk_mutfak_atesli.png,Assets/Stories/saray_mutfagindan_muhre/Backgrounds/bg_buyuk_mutfak_atesli.png,A,smm_card_044_a,Yamakları adil biçimde sırala,choice_smm_card_044_a,choice_smm_card_044_a.png,Assets/Stories/saray_mutfagindan_muhre/Choices/choice_smm_card_044_a.png,smm_card_045
smm_card_044,Büyük Mutfakta Yükseliş: Ak Gaga'nın Yolu,CARDS_PART_02_KITCHEN_RISE.yaml,bg_buyuk_mutfak_atesli,bg_buyuk_mutfak_atesli.png,Assets/Stories/saray_mutfagindan_muhre/Backgrounds/bg_buyuk_mutfak_atesli.png,B,smm_card_044_b,Yamakları birbirine düşür,choice_smm_card_044_b,choice_smm_card_044_b.png,Assets/Stories/saray_mutfagindan_muhre/Choices/choice_smm_card_044_b.png,smm_card_046
smm_card_045,Büyük Mutfakta Yükseliş: Gümüş Kaşık,CARDS_PART_02_KITCHEN_RISE.yaml,bg_buyuk_mutfak_sakin,bg_buyuk_mutfak_sakin.png,Assets/Stories/saray_mutfagindan_muhre/Backgrounds/bg_buyuk_mutfak_sakin.png,A,smm_card_045_a,Eksik eti deftere açık yaz,choice_smm_card_045_a,choice_smm_card_045_a.png,Assets/Stories/saray_mutfagindan_muhre/Choices/choice_smm_card_045_a.png,smm_card_046
smm_card_045,Büyük Mutfakta Yükseliş: Gümüş Kaşık,CARDS_PART_02_KITCHEN_RISE.yaml,bg_buyuk_mutfak_sakin,bg_buyuk_mutfak_sakin.png,Assets/Stories/saray_mutfagindan_muhre/Backgrounds/bg_buyuk_mutfak_sakin.png,B,smm_card_045_b,Eksik eti fısıltıyla kapat,choice_smm_card_045_b,choice_smm_card_045_b.png,Assets/Stories/saray_mutfagindan_muhre/Choices/choice_smm_card_045_b.png,smm_card_048
smm_card_046,Büyük Mutfakta Yükseliş: Kayıp Ölçü,CARDS_PART_02_KITCHEN_RISE.yaml,bg_baharat_odasi_safran,bg_baharat_odasi_safran.png,Assets/Stories/saray_mutfagindan_muhre/Backgrounds/bg_baharat_odasi_safran.png,A,smm_card_046_a,Kazanı ustanın yöntemiyle kurtar,choice_smm_card_046_a,choice_smm_card_046_a.png,Assets/Stories/saray_mutfagindan_muhre/Choices/choice_smm_card_046_a.png,smm_card_047
smm_card_046,Büyük Mutfakta Yükseliş: Kayıp Ölçü,CARDS_PART_02_KITCHEN_RISE.yaml,bg_baharat_odasi_safran,bg_baharat_odasi_safran.png,Assets/Stories/saray_mutfagindan_muhre/Backgrounds/bg_baharat_odasi_safran.png,B,smm_card_046_b,Lezzeti gizli baharatla yükselt,choice_smm_card_046_b,choice_smm_card_046_b.png,Assets/Stories/saray_mutfagindan_muhre/Choices/choice_smm_card_046_b.png,smm_card_048
smm_card_047,Büyük Mutfakta Yükseliş: Kuyrukta Ekmek,CARDS_PART_02_KITCHEN_RISE.yaml,bg_saray_bulasikhanesi_gece,bg_saray_bulasikhanesi_gece.png,Assets/Stories/saray_mutfagindan_muhre/Backgrounds/bg_saray_bulasikhanesi_gece.png,A,smm_card_047_a,Baharatı ölçerek sabırla ekle,choice_smm_card_047_a,choice_smm_card_047_a.png,Assets/Stories/saray_mutfagindan_muhre/Choices/choice_smm_card_047_a.png,smm_card_048
smm_card_047,Büyük Mutfakta Yükseliş: Kuyrukta Ekmek,CARDS_PART_02_KITCHEN_RISE.yaml,bg_saray_bulasikhanesi_gece,bg_saray_bulasikhanesi_gece.png,Assets/Stories/saray_mutfagindan_muhre/Backgrounds/bg_saray_bulasikhanesi_gece.png,B,smm_card_047_b,Ustanın tarifini kendi adına geçir,choice_smm_card_047_b,choice_smm_card_047_b.png,Assets/Stories/saray_mutfagindan_muhre/Choices/choice_smm_card_047_b.png,smm_card_049
smm_card_048,Büyük Mutfakta Yükseliş: Keskin Koku,CARDS_PART_02_KITCHEN_RISE.yaml,bg_taht_salonu,bg_taht_salonu.png,Assets/Stories/saray_mutfagindan_muhre/Backgrounds/bg_taht_salonu.png,A,smm_card_048_a,Hükümdarın tabağını temiz tut,choice_smm_card_048_a,choice_smm_card_048_a.png,Assets/Stories/saray_mutfagindan_muhre/Choices/choice_smm_card_048_a.png,smm_card_049
smm_card_048,Büyük Mutfakta Yükseliş: Keskin Koku,CARDS_PART_02_KITCHEN_RISE.yaml,bg_taht_salonu,bg_taht_salonu.png,Assets/Stories/saray_mutfagindan_muhre/Backgrounds/bg_taht_salonu.png,B,smm_card_048_b,Hükümdarın tabağına işaret bırak,choice_smm_card_048_b,choice_smm_card_048_b.png,Assets/Stories/saray_mutfagindan_muhre/Choices/choice_smm_card_048_b.png,smm_card_050
smm_card_049,Büyük Mutfakta Yükseliş: Mühre Giden İz,CARDS_PART_02_KITCHEN_RISE.yaml,bg_mutfak_cati_arasi,bg_mutfak_cati_arasi.png,Assets/Stories/saray_mutfagindan_muhre/Backgrounds/bg_mutfak_cati_arasi.png,A,smm_card_049_a,Yamakları adil biçimde sırala,choice_smm_card_049_a,choice_smm_card_049_a.png,Assets/Stories/saray_mutfagindan_muhre/Choices/choice_smm_card_049_a.png,smm_card_050
smm_card_049,Büyük Mutfakta Yükseliş: Mühre Giden İz,CARDS_PART_02_KITCHEN_RISE.yaml,bg_mutfak_cati_arasi,bg_mutfak_cati_arasi.png,Assets/Stories/saray_mutfagindan_muhre/Backgrounds/bg_mutfak_cati_arasi.png,B,smm_card_049_b,Yamakları birbirine düşür,choice_smm_card_049_b,choice_smm_card_049_b.png,Assets/Stories/saray_mutfagindan_muhre/Choices/choice_smm_card_049_b.png,smm_card_051
smm_card_050,Büyük Mutfakta Yükseliş: Dar Boğaz,CARDS_PART_02_KITCHEN_RISE.yaml,bg_buyuk_mutfak_atesli,bg_buyuk_mutfak_atesli.png,Assets/Stories/saray_mutfagindan_muhre/Backgrounds/bg_buyuk_mutfak_atesli.png,A,smm_card_050_a,Eksik eti deftere açık yaz,choice_smm_card_050_a,choice_smm_card_050_a.png,Assets/Stories/saray_mutfagindan_muhre/Choices/choice_smm_card_050_a.png,smm_card_051
smm_card_050,Büyük Mutfakta Yükseliş: Dar Boğaz,CARDS_PART_02_KITCHEN_RISE.yaml,bg_buyuk_mutfak_atesli,bg_buyuk_mutfak_atesli.png,Assets/Stories/saray_mutfagindan_muhre/Backgrounds/bg_buyuk_mutfak_atesli.png,B,smm_card_050_b,Eksik eti fısıltıyla kapat,choice_smm_card_050_b,choice_smm_card_050_b.png,Assets/Stories/saray_mutfagindan_muhre/Choices/choice_smm_card_050_b.png,smm_card_053
smm_card_051,Kiler ve Helvahane: İlk Eşik,CARDS_PART_03_PANTRY_AND_PASTRY.yaml,bg_kiler_serin_tas,bg_kiler_serin_tas.png,Assets/Stories/saray_mutfagindan_muhre/Backgrounds/bg_kiler_serin_tas.png,A,smm_card_051_a,Yanlış tepsiyi hemen geri çağır,choice_smm_card_051_a,choice_smm_card_051_a.png,Assets/Stories/saray_mutfagindan_muhre/Choices/choice_smm_card_051_a.png,smm_card_052
smm_card_051,Kiler ve Helvahane: İlk Eşik,CARDS_PART_03_PANTRY_AND_PASTRY.yaml,bg_kiler_serin_tas,bg_kiler_serin_tas.png,Assets/Stories/saray_mutfagindan_muhre/Backgrounds/bg_kiler_serin_tas.png,B,smm_card_051_b,Tatlı hatasını fırsata çevir,choice_smm_card_051_b,choice_smm_card_051_b.png,Assets/Stories/saray_mutfagindan_muhre/Choices/choice_smm_card_051_b.png,smm_card_053
smm_card_052,Kiler ve Helvahane: Sıcak Bakır,CARDS_PART_03_PANTRY_AND_PASTRY.yaml,bg_kiler_gizli_raflar,bg_kiler_gizli_raflar.png,Assets/Stories/saray_mutfagindan_muhre/Backgrounds/bg_kiler_gizli_raflar.png,A,smm_card_052_a,Kiler anahtarını Nimet'e teslim et,choice_smm_card_052_a,choice_smm_card_052_a.png,Assets/Stories/saray_mutfagindan_muhre/Choices/choice_smm_card_052_a.png,smm_card_053
smm_card_052,Kiler ve Helvahane: Sıcak Bakır,CARDS_PART_03_PANTRY_AND_PASTRY.yaml,bg_kiler_gizli_raflar,bg_kiler_gizli_raflar.png,Assets/Stories/saray_mutfagindan_muhre/Backgrounds/bg_kiler_gizli_raflar.png,B,smm_card_052_b,Anahtarın kopyasını gizlice al,choice_smm_card_052_b,choice_smm_card_052_b.png,Assets/Stories/saray_mutfagindan_muhre/Choices/choice_smm_card_052_b.png,smm_card_054
smm_card_053,Kiler ve Helvahane: Sessiz Bakış,CARDS_PART_03_PANTRY_AND_PASTRY.yaml,bg_helvahane_gul_kokusu,bg_helvahane_gul_kokusu.png,Assets/Stories/saray_mutfagindan_muhre/Backgrounds/bg_helvahane_gul_kokusu.png,A,smm_card_053_a,Gül şerbetini usulüne göre sun,choice_smm_card_053_a,choice_smm_card_053_a.png,Assets/Stories/saray_mutfagindan_muhre/Choices/choice_smm_card_053_a.png,smm_card_054
smm_card_053,Kiler ve Helvahane: Sessiz Bakış,CARDS_PART_03_PANTRY_AND_PASTRY.yaml,bg_helvahane_gul_kokusu,bg_helvahane_gul_kokusu.png,Assets/Stories/saray_mutfagindan_muhre/Backgrounds/bg_helvahane_gul_kokusu.png,B,smm_card_053_b,Şerbeti varis adına yolla,choice_smm_card_053_b,choice_smm_card_053_b.png,Assets/Stories/saray_mutfagindan_muhre/Choices/choice_smm_card_053_b.png,smm_card_055
smm_card_054,Kiler ve Helvahane: İnce Hesap,CARDS_PART_03_PANTRY_AND_PASTRY.yaml,bg_helvahane_gece,bg_helvahane_gece.png,Assets/Stories/saray_mutfagindan_muhre/Backgrounds/bg_helvahane_gece.png,A,smm_card_054_a,Lale Kalfa'yı açıkça savun,choice_smm_card_054_a,choice_smm_card_054_a.png,Assets/Stories/saray_mutfagindan_muhre/Choices/choice_smm_card_054_a.png,smm_card_055
smm_card_054,Kiler ve Helvahane: İnce Hesap,CARDS_PART_03_PANTRY_AND_PASTRY.yaml,bg_helvahane_gece,bg_helvahane_gece.png,Assets/Stories/saray_mutfagindan_muhre/Backgrounds/bg_helvahane_gece.png,B,smm_card_054_b,Suçu suskun çırağa yükle,choice_smm_card_054_b,choice_smm_card_054_b.png,Assets/Stories/saray_mutfagindan_muhre/Choices/choice_smm_card_054_b.png,smm_card_056
smm_card_055,Kiler ve Helvahane: Gizli Lekeler,CARDS_PART_03_PANTRY_AND_PASTRY.yaml,bg_elcilik_salonu,bg_elcilik_salonu.png,Assets/Stories/saray_mutfagindan_muhre/Backgrounds/bg_elcilik_salonu.png,A,smm_card_055_a,Elçiye hatayı incelikle anlat,choice_smm_card_055_a,choice_smm_card_055_a.png,Assets/Stories/saray_mutfagindan_muhre/Choices/choice_smm_card_055_a.png,smm_card_056
smm_card_055,Kiler ve Helvahane: Gizli Lekeler,CARDS_PART_03_PANTRY_AND_PASTRY.yaml,bg_elcilik_salonu,bg_elcilik_salonu.png,Assets/Stories/saray_mutfagindan_muhre/Backgrounds/bg_elcilik_salonu.png,B,smm_card_055_b,Elçinin yüzüğünü kabul et,choice_smm_card_055_b,choice_smm_card_055_b.png,Assets/Stories/saray_mutfagindan_muhre/Choices/choice_smm_card_055_b.png,smm_card_058
smm_card_056,Kiler ve Helvahane: Kör Alev,CARDS_PART_03_PANTRY_AND_PASTRY.yaml,bg_buzlu_kiler_odasi,bg_buzlu_kiler_odasi.png,Assets/Stories/saray_mutfagindan_muhre/Backgrounds/bg_buzlu_kiler_odasi.png,A,smm_card_056_a,Yanlış tepsiyi hemen geri çağır,choice_smm_card_056_a,choice_smm_card_056_a.png,Assets/Stories/saray_mutfagindan_muhre/Choices/choice_smm_card_056_a.png,smm_card_057
smm_card_056,Kiler ve Helvahane: Kör Alev,CARDS_PART_03_PANTRY_AND_PASTRY.yaml,bg_buzlu_kiler_odasi,bg_buzlu_kiler_odasi.png,Assets/Stories/saray_mutfagindan_muhre/Backgrounds/bg_buzlu_kiler_odasi.png,B,smm_card_056_b,Tatlı hatasını fırsata çevir,choice_smm_card_056_b,choice_smm_card_056_b.png,Assets/Stories/saray_mutfagindan_muhre/Choices/choice_smm_card_056_b.png,smm_card_058
smm_card_057,Kiler ve Helvahane: Üç Nohut,CARDS_PART_03_PANTRY_AND_PASTRY.yaml,bg_yabanci_elci_cadiri,bg_yabanci_elci_cadiri.png,Assets/Stories/saray_mutfagindan_muhre/Backgrounds/bg_yabanci_elci_cadiri.png,A,smm_card_057_a,Kiler anahtarını Nimet'e teslim et,choice_smm_card_057_a,choice_smm_card_057_a.png,Assets/Stories/saray_mutfagindan_muhre/Choices/choice_smm_card_057_a.png,smm_card_058
smm_card_057,Kiler ve Helvahane: Üç Nohut,CARDS_PART_03_PANTRY_AND_PASTRY.yaml,bg_yabanci_elci_cadiri,bg_yabanci_elci_cadiri.png,Assets/Stories/saray_mutfagindan_muhre/Backgrounds/bg_yabanci_elci_cadiri.png,B,smm_card_057_b,Anahtarın kopyasını gizlice al,choice_smm_card_057_b,choice_smm_card_057_b.png,Assets/Stories/saray_mutfagindan_muhre/Choices/choice_smm_card_057_b.png,smm_card_059
smm_card_058,Kiler ve Helvahane: Kapıdaki Fısıltı,CARDS_PART_03_PANTRY_AND_PASTRY.yaml,bg_kiler_serin_tas,bg_kiler_serin_tas.png,Assets/Stories/saray_mutfagindan_muhre/Backgrounds/bg_kiler_serin_tas.png,A,smm_card_058_a,Gül şerbetini usulüne göre sun,choice_smm_card_058_a,choice_smm_card_058_a.png,Assets/Stories/saray_mutfagindan_muhre/Choices/choice_smm_card_058_a.png,smm_card_059
smm_card_058,Kiler ve Helvahane: Kapıdaki Fısıltı,CARDS_PART_03_PANTRY_AND_PASTRY.yaml,bg_kiler_serin_tas,bg_kiler_serin_tas.png,Assets/Stories/saray_mutfagindan_muhre/Backgrounds/bg_kiler_serin_tas.png,B,smm_card_058_b,Şerbeti varis adına yolla,choice_smm_card_058_b,choice_smm_card_058_b.png,Assets/Stories/saray_mutfagindan_muhre/Choices/choice_smm_card_058_b.png,smm_card_060
smm_card_059,Kiler ve Helvahane: Aç Karnın Sözü,CARDS_PART_03_PANTRY_AND_PASTRY.yaml,bg_kiler_gizli_raflar,bg_kiler_gizli_raflar.png,Assets/Stories/saray_mutfagindan_muhre/Backgrounds/bg_kiler_gizli_raflar.png,A,smm_card_059_a,Lale Kalfa'yı açıkça savun,choice_smm_card_059_a,choice_smm_card_059_a.png,Assets/Stories/saray_mutfagindan_muhre/Choices/choice_smm_card_059_a.png,smm_card_060
smm_card_059,Kiler ve Helvahane: Aç Karnın Sözü,CARDS_PART_03_PANTRY_AND_PASTRY.yaml,bg_kiler_gizli_raflar,bg_kiler_gizli_raflar.png,Assets/Stories/saray_mutfagindan_muhre/Backgrounds/bg_kiler_gizli_raflar.png,B,smm_card_059_b,Suçu suskun çırağa yükle,choice_smm_card_059_b,choice_smm_card_059_b.png,Assets/Stories/saray_mutfagindan_muhre/Choices/choice_smm_card_059_b.png,smm_card_061
smm_card_060,Kiler ve Helvahane: Ustanın Sınavı,CARDS_PART_03_PANTRY_AND_PASTRY.yaml,bg_helvahane_gul_kokusu,bg_helvahane_gul_kokusu.png,Assets/Stories/saray_mutfagindan_muhre/Backgrounds/bg_helvahane_gul_kokusu.png,A,smm_card_060_a,Elçiye hatayı incelikle anlat,choice_smm_card_060_a,choice_smm_card_060_a.png,Assets/Stories/saray_mutfagindan_muhre/Choices/choice_smm_card_060_a.png,smm_card_061
smm_card_060,Kiler ve Helvahane: Ustanın Sınavı,CARDS_PART_03_PANTRY_AND_PASTRY.yaml,bg_helvahane_gul_kokusu,bg_helvahane_gul_kokusu.png,Assets/Stories/saray_mutfagindan_muhre/Backgrounds/bg_helvahane_gul_kokusu.png,B,smm_card_060_b,Elçinin yüzüğünü kabul et,choice_smm_card_060_b,choice_smm_card_060_b.png,Assets/Stories/saray_mutfagindan_muhre/Choices/choice_smm_card_060_b.png,smm_card_063
smm_card_061,Kiler ve Helvahane: Kazanın Gölgesi,CARDS_PART_03_PANTRY_AND_PASTRY.yaml,bg_helvahane_gece,bg_helvahane_gece.png,Assets/Stories/saray_mutfagindan_muhre/Backgrounds/bg_helvahane_gece.png,A,smm_card_061_a,Yanlış tepsiyi hemen geri çağır,choice_smm_card_061_a,choice_smm_card_061_a.png,Assets/Stories/saray_mutfagindan_muhre/Choices/choice_smm_card_061_a.png,smm_card_062
smm_card_061,Kiler ve Helvahane: Kazanın Gölgesi,CARDS_PART_03_PANTRY_AND_PASTRY.yaml,bg_helvahane_gece,bg_helvahane_gece.png,Assets/Stories/saray_mutfagindan_muhre/Backgrounds/bg_helvahane_gece.png,B,smm_card_061_b,Tatlı hatasını fırsata çevir,choice_smm_card_061_b,choice_smm_card_061_b.png,Assets/Stories/saray_mutfagindan_muhre/Choices/choice_smm_card_061_b.png,smm_card_063
smm_card_062,Kiler ve Helvahane: Tuz ve Yemin,CARDS_PART_03_PANTRY_AND_PASTRY.yaml,bg_elcilik_salonu,bg_elcilik_salonu.png,Assets/Stories/saray_mutfagindan_muhre/Backgrounds/bg_elcilik_salonu.png,A,smm_card_062_a,Kiler anahtarını Nimet'e teslim et,choice_smm_card_062_a,choice_smm_card_062_a.png,Assets/Stories/saray_mutfagindan_muhre/Choices/choice_smm_card_062_a.png,smm_card_063
smm_card_062,Kiler ve Helvahane: Tuz ve Yemin,CARDS_PART_03_PANTRY_AND_PASTRY.yaml,bg_elcilik_salonu,bg_elcilik_salonu.png,Assets/Stories/saray_mutfagindan_muhre/Backgrounds/bg_elcilik_salonu.png,B,smm_card_062_b,Anahtarın kopyasını gizlice al,choice_smm_card_062_b,choice_smm_card_062_b.png,Assets/Stories/saray_mutfagindan_muhre/Choices/choice_smm_card_062_b.png,smm_card_064
smm_card_063,Kiler ve Helvahane: Kırık Tabak,CARDS_PART_03_PANTRY_AND_PASTRY.yaml,bg_buzlu_kiler_odasi,bg_buzlu_kiler_odasi.png,Assets/Stories/saray_mutfagindan_muhre/Backgrounds/bg_buzlu_kiler_odasi.png,A,smm_card_063_a,Gül şerbetini usulüne göre sun,choice_smm_card_063_a,choice_smm_card_063_a.png,Assets/Stories/saray_mutfagindan_muhre/Choices/choice_smm_card_063_a.png,smm_card_064
smm_card_063,Kiler ve Helvahane: Kırık Tabak,CARDS_PART_03_PANTRY_AND_PASTRY.yaml,bg_buzlu_kiler_odasi,bg_buzlu_kiler_odasi.png,Assets/Stories/saray_mutfagindan_muhre/Backgrounds/bg_buzlu_kiler_odasi.png,B,smm_card_063_b,Şerbeti varis adına yolla,choice_smm_card_063_b,choice_smm_card_063_b.png,Assets/Stories/saray_mutfagindan_muhre/Choices/choice_smm_card_063_b.png,smm_card_065
smm_card_064,Kiler ve Helvahane: Mum Işığı,CARDS_PART_03_PANTRY_AND_PASTRY.yaml,bg_yabanci_elci_cadiri,bg_yabanci_elci_cadiri.png,Assets/Stories/saray_mutfagindan_muhre/Backgrounds/bg_yabanci_elci_cadiri.png,A,smm_card_064_a,Lale Kalfa'yı açıkça savun,choice_smm_card_064_a,choice_smm_card_064_a.png,Assets/Stories/saray_mutfagindan_muhre/Choices/choice_smm_card_064_a.png,smm_card_065
smm_card_064,Kiler ve Helvahane: Mum Işığı,CARDS_PART_03_PANTRY_AND_PASTRY.yaml,bg_yabanci_elci_cadiri,bg_yabanci_elci_cadiri.png,Assets/Stories/saray_mutfagindan_muhre/Backgrounds/bg_yabanci_elci_cadiri.png,B,smm_card_064_b,Suçu suskun çırağa yükle,choice_smm_card_064_b,choice_smm_card_064_b.png,Assets/Stories/saray_mutfagindan_muhre/Choices/choice_smm_card_064_b.png,smm_card_066
smm_card_065,Kiler ve Helvahane: Gece Nöbeti,CARDS_PART_03_PANTRY_AND_PASTRY.yaml,bg_kiler_serin_tas,bg_kiler_serin_tas.png,Assets/Stories/saray_mutfagindan_muhre/Backgrounds/bg_kiler_serin_tas.png,A,smm_card_065_a,Elçiye hatayı incelikle anlat,choice_smm_card_065_a,choice_smm_card_065_a.png,Assets/Stories/saray_mutfagindan_muhre/Choices/choice_smm_card_065_a.png,smm_card_066
smm_card_065,Kiler ve Helvahane: Gece Nöbeti,CARDS_PART_03_PANTRY_AND_PASTRY.yaml,bg_kiler_serin_tas,bg_kiler_serin_tas.png,Assets/Stories/saray_mutfagindan_muhre/Backgrounds/bg_kiler_serin_tas.png,B,smm_card_065_b,Elçinin yüzüğünü kabul et,choice_smm_card_065_b,choice_smm_card_065_b.png,Assets/Stories/saray_mutfagindan_muhre/Choices/choice_smm_card_065_b.png,smm_card_068
smm_card_066,Kiler ve Helvahane: Kilitli Raf,CARDS_PART_03_PANTRY_AND_PASTRY.yaml,bg_kiler_gizli_raflar,bg_kiler_gizli_raflar.png,Assets/Stories/saray_mutfagindan_muhre/Backgrounds/bg_kiler_gizli_raflar.png,A,smm_card_066_a,Yanlış tepsiyi hemen geri çağır,choice_smm_card_066_a,choice_smm_card_066_a.png,Assets/Stories/saray_mutfagindan_muhre/Choices/choice_smm_card_066_a.png,smm_card_067
smm_card_066,Kiler ve Helvahane: Kilitli Raf,CARDS_PART_03_PANTRY_AND_PASTRY.yaml,bg_kiler_gizli_raflar,bg_kiler_gizli_raflar.png,Assets/Stories/saray_mutfagindan_muhre/Backgrounds/bg_kiler_gizli_raflar.png,B,smm_card_066_b,Tatlı hatasını fırsata çevir,choice_smm_card_066_b,choice_smm_card_066_b.png,Assets/Stories/saray_mutfagindan_muhre/Choices/choice_smm_card_066_b.png,smm_card_068
smm_card_067,Kiler ve Helvahane: Sarayın Kulağı,CARDS_PART_03_PANTRY_AND_PASTRY.yaml,bg_helvahane_gul_kokusu,bg_helvahane_gul_kokusu.png,Assets/Stories/saray_mutfagindan_muhre/Backgrounds/bg_helvahane_gul_kokusu.png,A,smm_card_067_a,Kiler anahtarını Nimet'e teslim et,choice_smm_card_067_a,choice_smm_card_067_a.png,Assets/Stories/saray_mutfagindan_muhre/Choices/choice_smm_card_067_a.png,smm_card_068
smm_card_067,Kiler ve Helvahane: Sarayın Kulağı,CARDS_PART_03_PANTRY_AND_PASTRY.yaml,bg_helvahane_gul_kokusu,bg_helvahane_gul_kokusu.png,Assets/Stories/saray_mutfagindan_muhre/Backgrounds/bg_helvahane_gul_kokusu.png,B,smm_card_067_b,Anahtarın kopyasını gizlice al,choice_smm_card_067_b,choice_smm_card_067_b.png,Assets/Stories/saray_mutfagindan_muhre/Choices/choice_smm_card_067_b.png,smm_card_069
smm_card_068,Kiler ve Helvahane: Yağ Halkası,CARDS_PART_03_PANTRY_AND_PASTRY.yaml,bg_helvahane_gece,bg_helvahane_gece.png,Assets/Stories/saray_mutfagindan_muhre/Backgrounds/bg_helvahane_gece.png,A,smm_card_068_a,Gül şerbetini usulüne göre sun,choice_smm_card_068_a,choice_smm_card_068_a.png,Assets/Stories/saray_mutfagindan_muhre/Choices/choice_smm_card_068_a.png,smm_card_069
smm_card_068,Kiler ve Helvahane: Yağ Halkası,CARDS_PART_03_PANTRY_AND_PASTRY.yaml,bg_helvahane_gece,bg_helvahane_gece.png,Assets/Stories/saray_mutfagindan_muhre/Backgrounds/bg_helvahane_gece.png,B,smm_card_068_b,Şerbeti varis adına yolla,choice_smm_card_068_b,choice_smm_card_068_b.png,Assets/Stories/saray_mutfagindan_muhre/Choices/choice_smm_card_068_b.png,smm_card_070
smm_card_069,Kiler ve Helvahane: Ak Gaga'nın Yolu,CARDS_PART_03_PANTRY_AND_PASTRY.yaml,bg_elcilik_salonu,bg_elcilik_salonu.png,Assets/Stories/saray_mutfagindan_muhre/Backgrounds/bg_elcilik_salonu.png,A,smm_card_069_a,Lale Kalfa'yı açıkça savun,choice_smm_card_069_a,choice_smm_card_069_a.png,Assets/Stories/saray_mutfagindan_muhre/Choices/choice_smm_card_069_a.png,smm_card_070
smm_card_069,Kiler ve Helvahane: Ak Gaga'nın Yolu,CARDS_PART_03_PANTRY_AND_PASTRY.yaml,bg_elcilik_salonu,bg_elcilik_salonu.png,Assets/Stories/saray_mutfagindan_muhre/Backgrounds/bg_elcilik_salonu.png,B,smm_card_069_b,Suçu suskun çırağa yükle,choice_smm_card_069_b,choice_smm_card_069_b.png,Assets/Stories/saray_mutfagindan_muhre/Choices/choice_smm_card_069_b.png,smm_card_071
smm_card_070,Kiler ve Helvahane: Gümüş Kaşık,CARDS_PART_03_PANTRY_AND_PASTRY.yaml,bg_buzlu_kiler_odasi,bg_buzlu_kiler_odasi.png,Assets/Stories/saray_mutfagindan_muhre/Backgrounds/bg_buzlu_kiler_odasi.png,A,smm_card_070_a,Elçiye hatayı incelikle anlat,choice_smm_card_070_a,choice_smm_card_070_a.png,Assets/Stories/saray_mutfagindan_muhre/Choices/choice_smm_card_070_a.png,smm_card_071
smm_card_070,Kiler ve Helvahane: Gümüş Kaşık,CARDS_PART_03_PANTRY_AND_PASTRY.yaml,bg_buzlu_kiler_odasi,bg_buzlu_kiler_odasi.png,Assets/Stories/saray_mutfagindan_muhre/Backgrounds/bg_buzlu_kiler_odasi.png,B,smm_card_070_b,Elçinin yüzüğünü kabul et,choice_smm_card_070_b,choice_smm_card_070_b.png,Assets/Stories/saray_mutfagindan_muhre/Choices/choice_smm_card_070_b.png,smm_card_073
smm_card_071,Kiler ve Helvahane: Kayıp Ölçü,CARDS_PART_03_PANTRY_AND_PASTRY.yaml,bg_yabanci_elci_cadiri,bg_yabanci_elci_cadiri.png,Assets/Stories/saray_mutfagindan_muhre/Backgrounds/bg_yabanci_elci_cadiri.png,A,smm_card_071_a,Yanlış tepsiyi hemen geri çağır,choice_smm_card_071_a,choice_smm_card_071_a.png,Assets/Stories/saray_mutfagindan_muhre/Choices/choice_smm_card_071_a.png,smm_card_072
smm_card_071,Kiler ve Helvahane: Kayıp Ölçü,CARDS_PART_03_PANTRY_AND_PASTRY.yaml,bg_yabanci_elci_cadiri,bg_yabanci_elci_cadiri.png,Assets/Stories/saray_mutfagindan_muhre/Backgrounds/bg_yabanci_elci_cadiri.png,B,smm_card_071_b,Tatlı hatasını fırsata çevir,choice_smm_card_071_b,choice_smm_card_071_b.png,Assets/Stories/saray_mutfagindan_muhre/Choices/choice_smm_card_071_b.png,smm_card_073
smm_card_072,Kiler ve Helvahane: Kuyrukta Ekmek,CARDS_PART_03_PANTRY_AND_PASTRY.yaml,bg_kiler_serin_tas,bg_kiler_serin_tas.png,Assets/Stories/saray_mutfagindan_muhre/Backgrounds/bg_kiler_serin_tas.png,A,smm_card_072_a,Kiler anahtarını Nimet'e teslim et,choice_smm_card_072_a,choice_smm_card_072_a.png,Assets/Stories/saray_mutfagindan_muhre/Choices/choice_smm_card_072_a.png,smm_card_073
smm_card_072,Kiler ve Helvahane: Kuyrukta Ekmek,CARDS_PART_03_PANTRY_AND_PASTRY.yaml,bg_kiler_serin_tas,bg_kiler_serin_tas.png,Assets/Stories/saray_mutfagindan_muhre/Backgrounds/bg_kiler_serin_tas.png,B,smm_card_072_b,Anahtarın kopyasını gizlice al,choice_smm_card_072_b,choice_smm_card_072_b.png,Assets/Stories/saray_mutfagindan_muhre/Choices/choice_smm_card_072_b.png,smm_card_074
smm_card_073,Kiler ve Helvahane: Keskin Koku,CARDS_PART_03_PANTRY_AND_PASTRY.yaml,bg_kiler_gizli_raflar,bg_kiler_gizli_raflar.png,Assets/Stories/saray_mutfagindan_muhre/Backgrounds/bg_kiler_gizli_raflar.png,A,smm_card_073_a,Gül şerbetini usulüne göre sun,choice_smm_card_073_a,choice_smm_card_073_a.png,Assets/Stories/saray_mutfagindan_muhre/Choices/choice_smm_card_073_a.png,smm_card_074
smm_card_073,Kiler ve Helvahane: Keskin Koku,CARDS_PART_03_PANTRY_AND_PASTRY.yaml,bg_kiler_gizli_raflar,bg_kiler_gizli_raflar.png,Assets/Stories/saray_mutfagindan_muhre/Backgrounds/bg_kiler_gizli_raflar.png,B,smm_card_073_b,Şerbeti varis adına yolla,choice_smm_card_073_b,choice_smm_card_073_b.png,Assets/Stories/saray_mutfagindan_muhre/Choices/choice_smm_card_073_b.png,smm_card_075
smm_card_074,Kiler ve Helvahane: Mühre Giden İz,CARDS_PART_03_PANTRY_AND_PASTRY.yaml,bg_helvahane_gul_kokusu,bg_helvahane_gul_kokusu.png,Assets/Stories/saray_mutfagindan_muhre/Backgrounds/bg_helvahane_gul_kokusu.png,A,smm_card_074_a,Lale Kalfa'yı açıkça savun,choice_smm_card_074_a,choice_smm_card_074_a.png,Assets/Stories/saray_mutfagindan_muhre/Choices/choice_smm_card_074_a.png,smm_card_075
smm_card_074,Kiler ve Helvahane: Mühre Giden İz,CARDS_PART_03_PANTRY_AND_PASTRY.yaml,bg_helvahane_gul_kokusu,bg_helvahane_gul_kokusu.png,Assets/Stories/saray_mutfagindan_muhre/Backgrounds/bg_helvahane_gul_kokusu.png,B,smm_card_074_b,Suçu suskun çırağa yükle,choice_smm_card_074_b,choice_smm_card_074_b.png,Assets/Stories/saray_mutfagindan_muhre/Choices/choice_smm_card_074_b.png,smm_card_076
smm_card_075,Kiler ve Helvahane: Dar Boğaz,CARDS_PART_03_PANTRY_AND_PASTRY.yaml,bg_helvahane_gece,bg_helvahane_gece.png,Assets/Stories/saray_mutfagindan_muhre/Backgrounds/bg_helvahane_gece.png,A,smm_card_075_a,Elçiye hatayı incelikle anlat,choice_smm_card_075_a,choice_smm_card_075_a.png,Assets/Stories/saray_mutfagindan_muhre/Choices/choice_smm_card_075_a.png,smm_card_076
smm_card_075,Kiler ve Helvahane: Dar Boğaz,CARDS_PART_03_PANTRY_AND_PASTRY.yaml,bg_helvahane_gece,bg_helvahane_gece.png,Assets/Stories/saray_mutfagindan_muhre/Backgrounds/bg_helvahane_gece.png,B,smm_card_075_b,Elçinin yüzüğünü kabul et,choice_smm_card_075_b,choice_smm_card_075_b.png,Assets/Stories/saray_mutfagindan_muhre/Choices/choice_smm_card_075_b.png,smm_card_078
smm_card_076,Çorba Alameti ve Ak Gaga: İlk Eşik,CARDS_PART_04_SOUP_OMEN_AND_GOOSE.yaml,bg_buyuk_mutfak_atesli,bg_buyuk_mutfak_atesli.png,Assets/Stories/saray_mutfagindan_muhre/Backgrounds/bg_buyuk_mutfak_atesli.png,A,smm_card_076_a,Çorbanın alametini dürüstçe açıkla,choice_smm_card_076_a,choice_smm_card_076_a.png,Assets/Stories/saray_mutfagindan_muhre/Choices/choice_smm_card_076_a.png,smm_card_077
smm_card_076,Çorba Alameti ve Ak Gaga: İlk Eşik,CARDS_PART_04_SOUP_OMEN_AND_GOOSE.yaml,bg_buyuk_mutfak_atesli,bg_buyuk_mutfak_atesli.png,Assets/Stories/saray_mutfagindan_muhre/Backgrounds/bg_buyuk_mutfak_atesli.png,B,smm_card_076_b,Yeni alameti bilerek pişir,choice_smm_card_076_b,choice_smm_card_076_b.png,Assets/Stories/saray_mutfagindan_muhre/Choices/choice_smm_card_076_b.png,smm_card_078
smm_card_077,Çorba Alameti ve Ak Gaga: Sıcak Bakır,CARDS_PART_04_SOUP_OMEN_AND_GOOSE.yaml,bg_kaz_avlusu,bg_kaz_avlusu.png,Assets/Stories/saray_mutfagindan_muhre/Backgrounds/bg_kaz_avlusu.png,A,smm_card_077_a,Ak Gaga'yı sakince besle,choice_smm_card_077_a,choice_smm_card_077_a.png,Assets/Stories/saray_mutfagindan_muhre/Choices/choice_smm_card_077_a.png,smm_card_078
smm_card_077,Çorba Alameti ve Ak Gaga: Sıcak Bakır,CARDS_PART_04_SOUP_OMEN_AND_GOOSE.yaml,bg_kaz_avlusu,bg_kaz_avlusu.png,Assets/Stories/saray_mutfagindan_muhre/Backgrounds/bg_kaz_avlusu.png,B,smm_card_077_b,Kaz yemine gizli koku sür,choice_smm_card_077_b,choice_smm_card_077_b.png,Assets/Stories/saray_mutfagindan_muhre/Choices/choice_smm_card_077_b.png,smm_card_079
smm_card_078,Çorba Alameti ve Ak Gaga: Sessiz Bakış,CARDS_PART_04_SOUP_OMEN_AND_GOOSE.yaml,bg_kaz_kumesi,bg_kaz_kumesi.png,Assets/Stories/saray_mutfagindan_muhre/Backgrounds/bg_kaz_kumesi.png,A,smm_card_078_a,Nohut işaretini bozma,choice_smm_card_078_a,choice_smm_card_078_a.png,Assets/Stories/saray_mutfagindan_muhre/Choices/choice_smm_card_078_a.png,smm_card_079
smm_card_078,Çorba Alameti ve Ak Gaga: Sessiz Bakış,CARDS_PART_04_SOUP_OMEN_AND_GOOSE.yaml,bg_kaz_kumesi,bg_kaz_kumesi.png,Assets/Stories/saray_mutfagindan_muhre/Backgrounds/bg_kaz_kumesi.png,B,smm_card_078_b,Nohutları varis adına diz,choice_smm_card_078_b,choice_smm_card_078_b.png,Assets/Stories/saray_mutfagindan_muhre/Choices/choice_smm_card_078_b.png,smm_card_080
smm_card_079,Çorba Alameti ve Ak Gaga: İnce Hesap,CARDS_PART_04_SOUP_OMEN_AND_GOOSE.yaml,bg_muneccim_kulesi,bg_muneccim_kulesi.png,Assets/Stories/saray_mutfagindan_muhre/Backgrounds/bg_muneccim_kulesi.png,A,smm_card_079_a,Müneccime ölçüyü göster,choice_smm_card_079_a,choice_smm_card_079_a.png,Assets/Stories/saray_mutfagindan_muhre/Choices/choice_smm_card_079_a.png,smm_card_080
smm_card_079,Çorba Alameti ve Ak Gaga: İnce Hesap,CARDS_PART_04_SOUP_OMEN_AND_GOOSE.yaml,bg_muneccim_kulesi,bg_muneccim_kulesi.png,Assets/Stories/saray_mutfagindan_muhre/Backgrounds/bg_muneccim_kulesi.png,B,smm_card_079_b,Müneccimi fısıltıyla yönlendir,choice_smm_card_079_b,choice_smm_card_079_b.png,Assets/Stories/saray_mutfagindan_muhre/Choices/choice_smm_card_079_b.png,smm_card_081
smm_card_080,Çorba Alameti ve Ak Gaga: Gizli Lekeler,CARDS_PART_04_SOUP_OMEN_AND_GOOSE.yaml,bg_divan_salonu,bg_divan_salonu.png,Assets/Stories/saray_mutfagindan_muhre/Backgrounds/bg_divan_salonu.png,A,smm_card_080_a,Kazın yolunu temiz bırak,choice_smm_card_080_a,choice_smm_card_080_a.png,Assets/Stories/saray_mutfagindan_muhre/Choices/choice_smm_card_080_a.png,smm_card_081
smm_card_080,Çorba Alameti ve Ak Gaga: Gizli Lekeler,CARDS_PART_04_SOUP_OMEN_AND_GOOSE.yaml,bg_divan_salonu,bg_divan_salonu.png,Assets/Stories/saray_mutfagindan_muhre/Backgrounds/bg_divan_salonu.png,B,smm_card_080_b,Kazın yolunu perdeyle çevir,choice_smm_card_080_b,choice_smm_card_080_b.png,Assets/Stories/saray_mutfagindan_muhre/Choices/choice_smm_card_080_b.png,smm_card_083
smm_card_081,Çorba Alameti ve Ak Gaga: Kör Alev,CARDS_PART_04_SOUP_OMEN_AND_GOOSE.yaml,bg_taht_salonu,bg_taht_salonu.png,Assets/Stories/saray_mutfagindan_muhre/Backgrounds/bg_taht_salonu.png,A,smm_card_081_a,Çorbanın alametini dürüstçe açıkla,choice_smm_card_081_a,choice_smm_card_081_a.png,Assets/Stories/saray_mutfagindan_muhre/Choices/choice_smm_card_081_a.png,smm_card_082
smm_card_081,Çorba Alameti ve Ak Gaga: Kör Alev,CARDS_PART_04_SOUP_OMEN_AND_GOOSE.yaml,bg_taht_salonu,bg_taht_salonu.png,Assets/Stories/saray_mutfagindan_muhre/Backgrounds/bg_taht_salonu.png,B,smm_card_081_b,Yeni alameti bilerek pişir,choice_smm_card_081_b,choice_smm_card_081_b.png,Assets/Stories/saray_mutfagindan_muhre/Choices/choice_smm_card_081_b.png,smm_card_083
smm_card_082,Çorba Alameti ve Ak Gaga: Üç Nohut,CARDS_PART_04_SOUP_OMEN_AND_GOOSE.yaml,bg_buyuk_mutfak_atesli,bg_buyuk_mutfak_atesli.png,Assets/Stories/saray_mutfagindan_muhre/Backgrounds/bg_buyuk_mutfak_atesli.png,A,smm_card_082_a,Ak Gaga'yı sakince besle,choice_smm_card_082_a,choice_smm_card_082_a.png,Assets/Stories/saray_mutfagindan_muhre/Choices/choice_smm_card_082_a.png,smm_card_083
smm_card_082,Çorba Alameti ve Ak Gaga: Üç Nohut,CARDS_PART_04_SOUP_OMEN_AND_GOOSE.yaml,bg_buyuk_mutfak_atesli,bg_buyuk_mutfak_atesli.png,Assets/Stories/saray_mutfagindan_muhre/Backgrounds/bg_buyuk_mutfak_atesli.png,B,smm_card_082_b,Kaz yemine gizli koku sür,choice_smm_card_082_b,choice_smm_card_082_b.png,Assets/Stories/saray_mutfagindan_muhre/Choices/choice_smm_card_082_b.png,smm_card_084
smm_card_083,Çorba Alameti ve Ak Gaga: Kapıdaki Fısıltı,CARDS_PART_04_SOUP_OMEN_AND_GOOSE.yaml,bg_kaz_avlusu,bg_kaz_avlusu.png,Assets/Stories/saray_mutfagindan_muhre/Backgrounds/bg_kaz_avlusu.png,A,smm_card_083_a,Nohut işaretini bozma,choice_smm_card_083_a,choice_smm_card_083_a.png,Assets/Stories/saray_mutfagindan_muhre/Choices/choice_smm_card_083_a.png,smm_card_084
smm_card_083,Çorba Alameti ve Ak Gaga: Kapıdaki Fısıltı,CARDS_PART_04_SOUP_OMEN_AND_GOOSE.yaml,bg_kaz_avlusu,bg_kaz_avlusu.png,Assets/Stories/saray_mutfagindan_muhre/Backgrounds/bg_kaz_avlusu.png,B,smm_card_083_b,Nohutları varis adına diz,choice_smm_card_083_b,choice_smm_card_083_b.png,Assets/Stories/saray_mutfagindan_muhre/Choices/choice_smm_card_083_b.png,smm_card_085
smm_card_084,Çorba Alameti ve Ak Gaga: Aç Karnın Sözü,CARDS_PART_04_SOUP_OMEN_AND_GOOSE.yaml,bg_kaz_kumesi,bg_kaz_kumesi.png,Assets/Stories/saray_mutfagindan_muhre/Backgrounds/bg_kaz_kumesi.png,A,smm_card_084_a,Müneccime ölçüyü göster,choice_smm_card_084_a,choice_smm_card_084_a.png,Assets/Stories/saray_mutfagindan_muhre/Choices/choice_smm_card_084_a.png,smm_card_085
smm_card_084,Çorba Alameti ve Ak Gaga: Aç Karnın Sözü,CARDS_PART_04_SOUP_OMEN_AND_GOOSE.yaml,bg_kaz_kumesi,bg_kaz_kumesi.png,Assets/Stories/saray_mutfagindan_muhre/Backgrounds/bg_kaz_kumesi.png,B,smm_card_084_b,Müneccimi fısıltıyla yönlendir,choice_smm_card_084_b,choice_smm_card_084_b.png,Assets/Stories/saray_mutfagindan_muhre/Choices/choice_smm_card_084_b.png,smm_card_086
smm_card_085,Çorba Alameti ve Ak Gaga: Ustanın Sınavı,CARDS_PART_04_SOUP_OMEN_AND_GOOSE.yaml,bg_muneccim_kulesi,bg_muneccim_kulesi.png,Assets/Stories/saray_mutfagindan_muhre/Backgrounds/bg_muneccim_kulesi.png,A,smm_card_085_a,Kazın yolunu temiz bırak,choice_smm_card_085_a,choice_smm_card_085_a.png,Assets/Stories/saray_mutfagindan_muhre/Choices/choice_smm_card_085_a.png,smm_card_086
smm_card_085,Çorba Alameti ve Ak Gaga: Ustanın Sınavı,CARDS_PART_04_SOUP_OMEN_AND_GOOSE.yaml,bg_muneccim_kulesi,bg_muneccim_kulesi.png,Assets/Stories/saray_mutfagindan_muhre/Backgrounds/bg_muneccim_kulesi.png,B,smm_card_085_b,Kazın yolunu perdeyle çevir,choice_smm_card_085_b,choice_smm_card_085_b.png,Assets/Stories/saray_mutfagindan_muhre/Choices/choice_smm_card_085_b.png,smm_card_088
smm_card_086,Çorba Alameti ve Ak Gaga: Kazanın Gölgesi,CARDS_PART_04_SOUP_OMEN_AND_GOOSE.yaml,bg_divan_salonu,bg_divan_salonu.png,Assets/Stories/saray_mutfagindan_muhre/Backgrounds/bg_divan_salonu.png,A,smm_card_086_a,Çorbanın alametini dürüstçe açıkla,choice_smm_card_086_a,choice_smm_card_086_a.png,Assets/Stories/saray_mutfagindan_muhre/Choices/choice_smm_card_086_a.png,smm_card_087
smm_card_086,Çorba Alameti ve Ak Gaga: Kazanın Gölgesi,CARDS_PART_04_SOUP_OMEN_AND_GOOSE.yaml,bg_divan_salonu,bg_divan_salonu.png,Assets/Stories/saray_mutfagindan_muhre/Backgrounds/bg_divan_salonu.png,B,smm_card_086_b,Yeni alameti bilerek pişir,choice_smm_card_086_b,choice_smm_card_086_b.png,Assets/Stories/saray_mutfagindan_muhre/Choices/choice_smm_card_086_b.png,smm_card_088
smm_card_087,Çorba Alameti ve Ak Gaga: Tuz ve Yemin,CARDS_PART_04_SOUP_OMEN_AND_GOOSE.yaml,bg_taht_salonu,bg_taht_salonu.png,Assets/Stories/saray_mutfagindan_muhre/Backgrounds/bg_taht_salonu.png,A,smm_card_087_a,Ak Gaga'yı sakince besle,choice_smm_card_087_a,choice_smm_card_087_a.png,Assets/Stories/saray_mutfagindan_muhre/Choices/choice_smm_card_087_a.png,smm_card_088
smm_card_087,Çorba Alameti ve Ak Gaga: Tuz ve Yemin,CARDS_PART_04_SOUP_OMEN_AND_GOOSE.yaml,bg_taht_salonu,bg_taht_salonu.png,Assets/Stories/saray_mutfagindan_muhre/Backgrounds/bg_taht_salonu.png,B,smm_card_087_b,Kaz yemine gizli koku sür,choice_smm_card_087_b,choice_smm_card_087_b.png,Assets/Stories/saray_mutfagindan_muhre/Choices/choice_smm_card_087_b.png,smm_card_089
smm_card_088,Çorba Alameti ve Ak Gaga: Kırık Tabak,CARDS_PART_04_SOUP_OMEN_AND_GOOSE.yaml,bg_buyuk_mutfak_atesli,bg_buyuk_mutfak_atesli.png,Assets/Stories/saray_mutfagindan_muhre/Backgrounds/bg_buyuk_mutfak_atesli.png,A,smm_card_088_a,Nohut işaretini bozma,choice_smm_card_088_a,choice_smm_card_088_a.png,Assets/Stories/saray_mutfagindan_muhre/Choices/choice_smm_card_088_a.png,smm_card_089
smm_card_088,Çorba Alameti ve Ak Gaga: Kırık Tabak,CARDS_PART_04_SOUP_OMEN_AND_GOOSE.yaml,bg_buyuk_mutfak_atesli,bg_buyuk_mutfak_atesli.png,Assets/Stories/saray_mutfagindan_muhre/Backgrounds/bg_buyuk_mutfak_atesli.png,B,smm_card_088_b,Nohutları varis adına diz,choice_smm_card_088_b,choice_smm_card_088_b.png,Assets/Stories/saray_mutfagindan_muhre/Choices/choice_smm_card_088_b.png,smm_card_090
smm_card_089,Çorba Alameti ve Ak Gaga: Mum Işığı,CARDS_PART_04_SOUP_OMEN_AND_GOOSE.yaml,bg_kaz_avlusu,bg_kaz_avlusu.png,Assets/Stories/saray_mutfagindan_muhre/Backgrounds/bg_kaz_avlusu.png,A,smm_card_089_a,Müneccime ölçüyü göster,choice_smm_card_089_a,choice_smm_card_089_a.png,Assets/Stories/saray_mutfagindan_muhre/Choices/choice_smm_card_089_a.png,smm_card_090
smm_card_089,Çorba Alameti ve Ak Gaga: Mum Işığı,CARDS_PART_04_SOUP_OMEN_AND_GOOSE.yaml,bg_kaz_avlusu,bg_kaz_avlusu.png,Assets/Stories/saray_mutfagindan_muhre/Backgrounds/bg_kaz_avlusu.png,B,smm_card_089_b,Müneccimi fısıltıyla yönlendir,choice_smm_card_089_b,choice_smm_card_089_b.png,Assets/Stories/saray_mutfagindan_muhre/Choices/choice_smm_card_089_b.png,smm_card_091
smm_card_090,Çorba Alameti ve Ak Gaga: Gece Nöbeti,CARDS_PART_04_SOUP_OMEN_AND_GOOSE.yaml,bg_kaz_kumesi,bg_kaz_kumesi.png,Assets/Stories/saray_mutfagindan_muhre/Backgrounds/bg_kaz_kumesi.png,A,smm_card_090_a,Kazın yolunu temiz bırak,choice_smm_card_090_a,choice_smm_card_090_a.png,Assets/Stories/saray_mutfagindan_muhre/Choices/choice_smm_card_090_a.png,smm_card_091
smm_card_090,Çorba Alameti ve Ak Gaga: Gece Nöbeti,CARDS_PART_04_SOUP_OMEN_AND_GOOSE.yaml,bg_kaz_kumesi,bg_kaz_kumesi.png,Assets/Stories/saray_mutfagindan_muhre/Backgrounds/bg_kaz_kumesi.png,B,smm_card_090_b,Kazın yolunu perdeyle çevir,choice_smm_card_090_b,choice_smm_card_090_b.png,Assets/Stories/saray_mutfagindan_muhre/Choices/choice_smm_card_090_b.png,smm_card_093
smm_card_091,Çorba Alameti ve Ak Gaga: Kilitli Raf,CARDS_PART_04_SOUP_OMEN_AND_GOOSE.yaml,bg_muneccim_kulesi,bg_muneccim_kulesi.png,Assets/Stories/saray_mutfagindan_muhre/Backgrounds/bg_muneccim_kulesi.png,A,smm_card_091_a,Çorbanın alametini dürüstçe açıkla,choice_smm_card_091_a,choice_smm_card_091_a.png,Assets/Stories/saray_mutfagindan_muhre/Choices/choice_smm_card_091_a.png,smm_card_092
smm_card_091,Çorba Alameti ve Ak Gaga: Kilitli Raf,CARDS_PART_04_SOUP_OMEN_AND_GOOSE.yaml,bg_muneccim_kulesi,bg_muneccim_kulesi.png,Assets/Stories/saray_mutfagindan_muhre/Backgrounds/bg_muneccim_kulesi.png,B,smm_card_091_b,Yeni alameti bilerek pişir,choice_smm_card_091_b,choice_smm_card_091_b.png,Assets/Stories/saray_mutfagindan_muhre/Choices/choice_smm_card_091_b.png,smm_card_093
smm_card_092,Çorba Alameti ve Ak Gaga: Sarayın Kulağı,CARDS_PART_04_SOUP_OMEN_AND_GOOSE.yaml,bg_divan_salonu,bg_divan_salonu.png,Assets/Stories/saray_mutfagindan_muhre/Backgrounds/bg_divan_salonu.png,A,smm_card_092_a,Ak Gaga'yı sakince besle,choice_smm_card_092_a,choice_smm_card_092_a.png,Assets/Stories/saray_mutfagindan_muhre/Choices/choice_smm_card_092_a.png,smm_card_093
smm_card_092,Çorba Alameti ve Ak Gaga: Sarayın Kulağı,CARDS_PART_04_SOUP_OMEN_AND_GOOSE.yaml,bg_divan_salonu,bg_divan_salonu.png,Assets/Stories/saray_mutfagindan_muhre/Backgrounds/bg_divan_salonu.png,B,smm_card_092_b,Kaz yemine gizli koku sür,choice_smm_card_092_b,choice_smm_card_092_b.png,Assets/Stories/saray_mutfagindan_muhre/Choices/choice_smm_card_092_b.png,smm_card_094
smm_card_093,Çorba Alameti ve Ak Gaga: Yağ Halkası,CARDS_PART_04_SOUP_OMEN_AND_GOOSE.yaml,bg_taht_salonu,bg_taht_salonu.png,Assets/Stories/saray_mutfagindan_muhre/Backgrounds/bg_taht_salonu.png,A,smm_card_093_a,Nohut işaretini bozma,choice_smm_card_093_a,choice_smm_card_093_a.png,Assets/Stories/saray_mutfagindan_muhre/Choices/choice_smm_card_093_a.png,smm_card_094
smm_card_093,Çorba Alameti ve Ak Gaga: Yağ Halkası,CARDS_PART_04_SOUP_OMEN_AND_GOOSE.yaml,bg_taht_salonu,bg_taht_salonu.png,Assets/Stories/saray_mutfagindan_muhre/Backgrounds/bg_taht_salonu.png,B,smm_card_093_b,Nohutları varis adına diz,choice_smm_card_093_b,choice_smm_card_093_b.png,Assets/Stories/saray_mutfagindan_muhre/Choices/choice_smm_card_093_b.png,smm_card_095
smm_card_094,Çorba Alameti ve Ak Gaga: Ak Gaga'nın Yolu,CARDS_PART_04_SOUP_OMEN_AND_GOOSE.yaml,bg_buyuk_mutfak_atesli,bg_buyuk_mutfak_atesli.png,Assets/Stories/saray_mutfagindan_muhre/Backgrounds/bg_buyuk_mutfak_atesli.png,A,smm_card_094_a,Müneccime ölçüyü göster,choice_smm_card_094_a,choice_smm_card_094_a.png,Assets/Stories/saray_mutfagindan_muhre/Choices/choice_smm_card_094_a.png,smm_card_095
smm_card_094,Çorba Alameti ve Ak Gaga: Ak Gaga'nın Yolu,CARDS_PART_04_SOUP_OMEN_AND_GOOSE.yaml,bg_buyuk_mutfak_atesli,bg_buyuk_mutfak_atesli.png,Assets/Stories/saray_mutfagindan_muhre/Backgrounds/bg_buyuk_mutfak_atesli.png,B,smm_card_094_b,Müneccimi fısıltıyla yönlendir,choice_smm_card_094_b,choice_smm_card_094_b.png,Assets/Stories/saray_mutfagindan_muhre/Choices/choice_smm_card_094_b.png,smm_card_096
smm_card_095,Çorba Alameti ve Ak Gaga: Gümüş Kaşık,CARDS_PART_04_SOUP_OMEN_AND_GOOSE.yaml,bg_kaz_avlusu,bg_kaz_avlusu.png,Assets/Stories/saray_mutfagindan_muhre/Backgrounds/bg_kaz_avlusu.png,A,smm_card_095_a,Kazın yolunu temiz bırak,choice_smm_card_095_a,choice_smm_card_095_a.png,Assets/Stories/saray_mutfagindan_muhre/Choices/choice_smm_card_095_a.png,smm_card_096
smm_card_095,Çorba Alameti ve Ak Gaga: Gümüş Kaşık,CARDS_PART_04_SOUP_OMEN_AND_GOOSE.yaml,bg_kaz_avlusu,bg_kaz_avlusu.png,Assets/Stories/saray_mutfagindan_muhre/Backgrounds/bg_kaz_avlusu.png,B,smm_card_095_b,Kazın yolunu perdeyle çevir,choice_smm_card_095_b,choice_smm_card_095_b.png,Assets/Stories/saray_mutfagindan_muhre/Choices/choice_smm_card_095_b.png,smm_card_098
smm_card_096,Çorba Alameti ve Ak Gaga: Kayıp Ölçü,CARDS_PART_04_SOUP_OMEN_AND_GOOSE.yaml,bg_kaz_kumesi,bg_kaz_kumesi.png,Assets/Stories/saray_mutfagindan_muhre/Backgrounds/bg_kaz_kumesi.png,A,smm_card_096_a,Çorbanın alametini dürüstçe açıkla,choice_smm_card_096_a,choice_smm_card_096_a.png,Assets/Stories/saray_mutfagindan_muhre/Choices/choice_smm_card_096_a.png,smm_card_097
smm_card_096,Çorba Alameti ve Ak Gaga: Kayıp Ölçü,CARDS_PART_04_SOUP_OMEN_AND_GOOSE.yaml,bg_kaz_kumesi,bg_kaz_kumesi.png,Assets/Stories/saray_mutfagindan_muhre/Backgrounds/bg_kaz_kumesi.png,B,smm_card_096_b,Yeni alameti bilerek pişir,choice_smm_card_096_b,choice_smm_card_096_b.png,Assets/Stories/saray_mutfagindan_muhre/Choices/choice_smm_card_096_b.png,smm_card_098
smm_card_097,Çorba Alameti ve Ak Gaga: Kuyrukta Ekmek,CARDS_PART_04_SOUP_OMEN_AND_GOOSE.yaml,bg_muneccim_kulesi,bg_muneccim_kulesi.png,Assets/Stories/saray_mutfagindan_muhre/Backgrounds/bg_muneccim_kulesi.png,A,smm_card_097_a,Ak Gaga'yı sakince besle,choice_smm_card_097_a,choice_smm_card_097_a.png,Assets/Stories/saray_mutfagindan_muhre/Choices/choice_smm_card_097_a.png,smm_card_098
smm_card_097,Çorba Alameti ve Ak Gaga: Kuyrukta Ekmek,CARDS_PART_04_SOUP_OMEN_AND_GOOSE.yaml,bg_muneccim_kulesi,bg_muneccim_kulesi.png,Assets/Stories/saray_mutfagindan_muhre/Backgrounds/bg_muneccim_kulesi.png,B,smm_card_097_b,Kaz yemine gizli koku sür,choice_smm_card_097_b,choice_smm_card_097_b.png,Assets/Stories/saray_mutfagindan_muhre/Choices/choice_smm_card_097_b.png,smm_card_099
smm_card_098,Çorba Alameti ve Ak Gaga: Keskin Koku,CARDS_PART_04_SOUP_OMEN_AND_GOOSE.yaml,bg_divan_salonu,bg_divan_salonu.png,Assets/Stories/saray_mutfagindan_muhre/Backgrounds/bg_divan_salonu.png,A,smm_card_098_a,Nohut işaretini bozma,choice_smm_card_098_a,choice_smm_card_098_a.png,Assets/Stories/saray_mutfagindan_muhre/Choices/choice_smm_card_098_a.png,smm_card_099
smm_card_098,Çorba Alameti ve Ak Gaga: Keskin Koku,CARDS_PART_04_SOUP_OMEN_AND_GOOSE.yaml,bg_divan_salonu,bg_divan_salonu.png,Assets/Stories/saray_mutfagindan_muhre/Backgrounds/bg_divan_salonu.png,B,smm_card_098_b,Nohutları varis adına diz,choice_smm_card_098_b,choice_smm_card_098_b.png,Assets/Stories/saray_mutfagindan_muhre/Choices/choice_smm_card_098_b.png,smm_card_100
smm_card_099,Çorba Alameti ve Ak Gaga: Mühre Giden İz,CARDS_PART_04_SOUP_OMEN_AND_GOOSE.yaml,bg_taht_salonu,bg_taht_salonu.png,Assets/Stories/saray_mutfagindan_muhre/Backgrounds/bg_taht_salonu.png,A,smm_card_099_a,Müneccime ölçüyü göster,choice_smm_card_099_a,choice_smm_card_099_a.png,Assets/Stories/saray_mutfagindan_muhre/Choices/choice_smm_card_099_a.png,smm_card_100
smm_card_099,Çorba Alameti ve Ak Gaga: Mühre Giden İz,CARDS_PART_04_SOUP_OMEN_AND_GOOSE.yaml,bg_taht_salonu,bg_taht_salonu.png,Assets/Stories/saray_mutfagindan_muhre/Backgrounds/bg_taht_salonu.png,B,smm_card_099_b,Müneccimi fısıltıyla yönlendir,choice_smm_card_099_b,choice_smm_card_099_b.png,Assets/Stories/saray_mutfagindan_muhre/Choices/choice_smm_card_099_b.png,smm_card_101
smm_card_100,Çorba Alameti ve Ak Gaga: Dar Boğaz,CARDS_PART_04_SOUP_OMEN_AND_GOOSE.yaml,bg_buyuk_mutfak_atesli,bg_buyuk_mutfak_atesli.png,Assets/Stories/saray_mutfagindan_muhre/Backgrounds/bg_buyuk_mutfak_atesli.png,A,smm_card_100_a,Kazın yolunu temiz bırak,choice_smm_card_100_a,choice_smm_card_100_a.png,Assets/Stories/saray_mutfagindan_muhre/Choices/choice_smm_card_100_a.png,smm_card_101
smm_card_100,Çorba Alameti ve Ak Gaga: Dar Boğaz,CARDS_PART_04_SOUP_OMEN_AND_GOOSE.yaml,bg_buyuk_mutfak_atesli,bg_buyuk_mutfak_atesli.png,Assets/Stories/saray_mutfagindan_muhre/Backgrounds/bg_buyuk_mutfak_atesli.png,B,smm_card_100_b,Kazın yolunu perdeyle çevir,choice_smm_card_100_b,choice_smm_card_100_b.png,Assets/Stories/saray_mutfagindan_muhre/Choices/choice_smm_card_100_b.png,smm_card_103
smm_card_101,Zehir Tadım Odası: İlk Eşik,CARDS_PART_05_POISON_TASTER.yaml,bg_zehir_tadim_odasi,bg_zehir_tadim_odasi.png,Assets/Stories/saray_mutfagindan_muhre/Backgrounds/bg_zehir_tadim_odasi.png,A,smm_card_101_a,Tortuyu Simin'e açıkça göster,choice_smm_card_101_a,choice_smm_card_101_a.png,Assets/Stories/saray_mutfagindan_muhre/Choices/choice_smm_card_101_a.png,smm_card_102
smm_card_101,Zehir Tadım Odası: İlk Eşik,CARDS_PART_05_POISON_TASTER.yaml,bg_zehir_tadim_odasi,bg_zehir_tadim_odasi.png,Assets/Stories/saray_mutfagindan_muhre/Backgrounds/bg_zehir_tadim_odasi.png,B,smm_card_101_b,Tortuyu gizli koza çevir,choice_smm_card_101_b,choice_smm_card_101_b.png,Assets/Stories/saray_mutfagindan_muhre/Choices/choice_smm_card_101_b.png,smm_card_103
smm_card_102,Zehir Tadım Odası: Sıcak Bakır,CARDS_PART_05_POISON_TASTER.yaml,bg_zehir_tadim_odasi_gece,bg_zehir_tadim_odasi_gece.png,Assets/Stories/saray_mutfagindan_muhre/Backgrounds/bg_zehir_tadim_odasi_gece.png,A,smm_card_102_a,Panzehiri doğru kişiye ulaştır,choice_smm_card_102_a,choice_smm_card_102_a.png,Assets/Stories/saray_mutfagindan_muhre/Choices/choice_smm_card_102_a.png,smm_card_103
smm_card_102,Zehir Tadım Odası: Sıcak Bakır,CARDS_PART_05_POISON_TASTER.yaml,bg_zehir_tadim_odasi_gece,bg_zehir_tadim_odasi_gece.png,Assets/Stories/saray_mutfagindan_muhre/Backgrounds/bg_zehir_tadim_odasi_gece.png,B,smm_card_102_b,Panzehir kavanozunu sakla,choice_smm_card_102_b,choice_smm_card_102_b.png,Assets/Stories/saray_mutfagindan_muhre/Choices/choice_smm_card_102_b.png,smm_card_104
smm_card_103,Zehir Tadım Odası: Sessiz Bakış,CARDS_PART_05_POISON_TASTER.yaml,bg_baharat_odasi_safran,bg_baharat_odasi_safran.png,Assets/Stories/saray_mutfagindan_muhre/Backgrounds/bg_baharat_odasi_safran.png,A,smm_card_103_a,Kadehi usulünce önce kendin tat,choice_smm_card_103_a,choice_smm_card_103_a.png,Assets/Stories/saray_mutfagindan_muhre/Choices/choice_smm_card_103_a.png,smm_card_104
smm_card_103,Zehir Tadım Odası: Sessiz Bakış,CARDS_PART_05_POISON_TASTER.yaml,bg_baharat_odasi_safran,bg_baharat_odasi_safran.png,Assets/Stories/saray_mutfagindan_muhre/Backgrounds/bg_baharat_odasi_safran.png,B,smm_card_103_b,Kadehi rakibe önce uzat,choice_smm_card_103_b,choice_smm_card_103_b.png,Assets/Stories/saray_mutfagindan_muhre/Choices/choice_smm_card_103_b.png,smm_card_105
smm_card_104,Zehir Tadım Odası: İnce Hesap,CARDS_PART_05_POISON_TASTER.yaml,bg_taht_salonu,bg_taht_salonu.png,Assets/Stories/saray_mutfagindan_muhre/Backgrounds/bg_taht_salonu.png,A,smm_card_104_a,Zehir defterini eksiksiz tut,choice_smm_card_104_a,choice_smm_card_104_a.png,Assets/Stories/saray_mutfagindan_muhre/Choices/choice_smm_card_104_a.png,smm_card_105
smm_card_104,Zehir Tadım Odası: İnce Hesap,CARDS_PART_05_POISON_TASTER.yaml,bg_taht_salonu,bg_taht_salonu.png,Assets/Stories/saray_mutfagindan_muhre/Backgrounds/bg_taht_salonu.png,B,smm_card_104_b,Defterdeki satırı değiştir,choice_smm_card_104_b,choice_smm_card_104_b.png,Assets/Stories/saray_mutfagindan_muhre/Choices/choice_smm_card_104_b.png,smm_card_106
smm_card_105,Zehir Tadım Odası: Gizli Lekeler,CARDS_PART_05_POISON_TASTER.yaml,bg_sifahane_ic_odasi,bg_sifahane_ic_odasi.png,Assets/Stories/saray_mutfagindan_muhre/Backgrounds/bg_sifahane_ic_odasi.png,A,smm_card_105_a,Şüpheli baharatı mühürlet,choice_smm_card_105_a,choice_smm_card_105_a.png,Assets/Stories/saray_mutfagindan_muhre/Choices/choice_smm_card_105_a.png,smm_card_106
smm_card_105,Zehir Tadım Odası: Gizli Lekeler,CARDS_PART_05_POISON_TASTER.yaml,bg_sifahane_ic_odasi,bg_sifahane_ic_odasi.png,Assets/Stories/saray_mutfagindan_muhre/Backgrounds/bg_sifahane_ic_odasi.png,B,smm_card_105_b,Baharatı karaborsaya sızdır,choice_smm_card_105_b,choice_smm_card_105_b.png,Assets/Stories/saray_mutfagindan_muhre/Choices/choice_smm_card_105_b.png,smm_card_108
smm_card_106,Zehir Tadım Odası: Kör Alev,CARDS_PART_05_POISON_TASTER.yaml,bg_zehir_tadim_odasi,bg_zehir_tadim_odasi.png,Assets/Stories/saray_mutfagindan_muhre/Backgrounds/bg_zehir_tadim_odasi.png,A,smm_card_106_a,Tortuyu Simin'e açıkça göster,choice_smm_card_106_a,choice_smm_card_106_a.png,Assets/Stories/saray_mutfagindan_muhre/Choices/choice_smm_card_106_a.png,smm_card_107
smm_card_106,Zehir Tadım Odası: Kör Alev,CARDS_PART_05_POISON_TASTER.yaml,bg_zehir_tadim_odasi,bg_zehir_tadim_odasi.png,Assets/Stories/saray_mutfagindan_muhre/Backgrounds/bg_zehir_tadim_odasi.png,B,smm_card_106_b,Tortuyu gizli koza çevir,choice_smm_card_106_b,choice_smm_card_106_b.png,Assets/Stories/saray_mutfagindan_muhre/Choices/choice_smm_card_106_b.png,smm_card_108
smm_card_107,Zehir Tadım Odası: Üç Nohut,CARDS_PART_05_POISON_TASTER.yaml,bg_zehir_tadim_odasi_gece,bg_zehir_tadim_odasi_gece.png,Assets/Stories/saray_mutfagindan_muhre/Backgrounds/bg_zehir_tadim_odasi_gece.png,A,smm_card_107_a,Panzehiri doğru kişiye ulaştır,choice_smm_card_107_a,choice_smm_card_107_a.png,Assets/Stories/saray_mutfagindan_muhre/Choices/choice_smm_card_107_a.png,smm_card_108
smm_card_107,Zehir Tadım Odası: Üç Nohut,CARDS_PART_05_POISON_TASTER.yaml,bg_zehir_tadim_odasi_gece,bg_zehir_tadim_odasi_gece.png,Assets/Stories/saray_mutfagindan_muhre/Backgrounds/bg_zehir_tadim_odasi_gece.png,B,smm_card_107_b,Panzehir kavanozunu sakla,choice_smm_card_107_b,choice_smm_card_107_b.png,Assets/Stories/saray_mutfagindan_muhre/Choices/choice_smm_card_107_b.png,smm_card_109
smm_card_108,Zehir Tadım Odası: Kapıdaki Fısıltı,CARDS_PART_05_POISON_TASTER.yaml,bg_baharat_odasi_safran,bg_baharat_odasi_safran.png,Assets/Stories/saray_mutfagindan_muhre/Backgrounds/bg_baharat_odasi_safran.png,A,smm_card_108_a,Kadehi usulünce önce kendin tat,choice_smm_card_108_a,choice_smm_card_108_a.png,Assets/Stories/saray_mutfagindan_muhre/Choices/choice_smm_card_108_a.png,smm_card_109
smm_card_108,Zehir Tadım Odası: Kapıdaki Fısıltı,CARDS_PART_05_POISON_TASTER.yaml,bg_baharat_odasi_safran,bg_baharat_odasi_safran.png,Assets/Stories/saray_mutfagindan_muhre/Backgrounds/bg_baharat_odasi_safran.png,B,smm_card_108_b,Kadehi rakibe önce uzat,choice_smm_card_108_b,choice_smm_card_108_b.png,Assets/Stories/saray_mutfagindan_muhre/Choices/choice_smm_card_108_b.png,smm_card_110
smm_card_109,Zehir Tadım Odası: Aç Karnın Sözü,CARDS_PART_05_POISON_TASTER.yaml,bg_taht_salonu,bg_taht_salonu.png,Assets/Stories/saray_mutfagindan_muhre/Backgrounds/bg_taht_salonu.png,A,smm_card_109_a,Zehir defterini eksiksiz tut,choice_smm_card_109_a,choice_smm_card_109_a.png,Assets/Stories/saray_mutfagindan_muhre/Choices/choice_smm_card_109_a.png,smm_card_110
smm_card_109,Zehir Tadım Odası: Aç Karnın Sözü,CARDS_PART_05_POISON_TASTER.yaml,bg_taht_salonu,bg_taht_salonu.png,Assets/Stories/saray_mutfagindan_muhre/Backgrounds/bg_taht_salonu.png,B,smm_card_109_b,Defterdeki satırı değiştir,choice_smm_card_109_b,choice_smm_card_109_b.png,Assets/Stories/saray_mutfagindan_muhre/Choices/choice_smm_card_109_b.png,smm_card_111
smm_card_110,Zehir Tadım Odası: Ustanın Sınavı,CARDS_PART_05_POISON_TASTER.yaml,bg_sifahane_ic_odasi,bg_sifahane_ic_odasi.png,Assets/Stories/saray_mutfagindan_muhre/Backgrounds/bg_sifahane_ic_odasi.png,A,smm_card_110_a,Şüpheli baharatı mühürlet,choice_smm_card_110_a,choice_smm_card_110_a.png,Assets/Stories/saray_mutfagindan_muhre/Choices/choice_smm_card_110_a.png,smm_card_111
smm_card_110,Zehir Tadım Odası: Ustanın Sınavı,CARDS_PART_05_POISON_TASTER.yaml,bg_sifahane_ic_odasi,bg_sifahane_ic_odasi.png,Assets/Stories/saray_mutfagindan_muhre/Backgrounds/bg_sifahane_ic_odasi.png,B,smm_card_110_b,Baharatı karaborsaya sızdır,choice_smm_card_110_b,choice_smm_card_110_b.png,Assets/Stories/saray_mutfagindan_muhre/Choices/choice_smm_card_110_b.png,smm_card_113
smm_card_111,Zehir Tadım Odası: Kazanın Gölgesi,CARDS_PART_05_POISON_TASTER.yaml,bg_zehir_tadim_odasi,bg_zehir_tadim_odasi.png,Assets/Stories/saray_mutfagindan_muhre/Backgrounds/bg_zehir_tadim_odasi.png,A,smm_card_111_a,Tortuyu Simin'e açıkça göster,choice_smm_card_111_a,choice_smm_card_111_a.png,Assets/Stories/saray_mutfagindan_muhre/Choices/choice_smm_card_111_a.png,smm_card_112
smm_card_111,Zehir Tadım Odası: Kazanın Gölgesi,CARDS_PART_05_POISON_TASTER.yaml,bg_zehir_tadim_odasi,bg_zehir_tadim_odasi.png,Assets/Stories/saray_mutfagindan_muhre/Backgrounds/bg_zehir_tadim_odasi.png,B,smm_card_111_b,Tortuyu gizli koza çevir,choice_smm_card_111_b,choice_smm_card_111_b.png,Assets/Stories/saray_mutfagindan_muhre/Choices/choice_smm_card_111_b.png,smm_card_113
smm_card_112,Zehir Tadım Odası: Tuz ve Yemin,CARDS_PART_05_POISON_TASTER.yaml,bg_zehir_tadim_odasi_gece,bg_zehir_tadim_odasi_gece.png,Assets/Stories/saray_mutfagindan_muhre/Backgrounds/bg_zehir_tadim_odasi_gece.png,A,smm_card_112_a,Panzehiri doğru kişiye ulaştır,choice_smm_card_112_a,choice_smm_card_112_a.png,Assets/Stories/saray_mutfagindan_muhre/Choices/choice_smm_card_112_a.png,smm_card_113
smm_card_112,Zehir Tadım Odası: Tuz ve Yemin,CARDS_PART_05_POISON_TASTER.yaml,bg_zehir_tadim_odasi_gece,bg_zehir_tadim_odasi_gece.png,Assets/Stories/saray_mutfagindan_muhre/Backgrounds/bg_zehir_tadim_odasi_gece.png,B,smm_card_112_b,Panzehir kavanozunu sakla,choice_smm_card_112_b,choice_smm_card_112_b.png,Assets/Stories/saray_mutfagindan_muhre/Choices/choice_smm_card_112_b.png,smm_card_114
smm_card_113,Zehir Tadım Odası: Kırık Tabak,CARDS_PART_05_POISON_TASTER.yaml,bg_baharat_odasi_safran,bg_baharat_odasi_safran.png,Assets/Stories/saray_mutfagindan_muhre/Backgrounds/bg_baharat_odasi_safran.png,A,smm_card_113_a,Kadehi usulünce önce kendin tat,choice_smm_card_113_a,choice_smm_card_113_a.png,Assets/Stories/saray_mutfagindan_muhre/Choices/choice_smm_card_113_a.png,smm_card_114
smm_card_113,Zehir Tadım Odası: Kırık Tabak,CARDS_PART_05_POISON_TASTER.yaml,bg_baharat_odasi_safran,bg_baharat_odasi_safran.png,Assets/Stories/saray_mutfagindan_muhre/Backgrounds/bg_baharat_odasi_safran.png,B,smm_card_113_b,Kadehi rakibe önce uzat,choice_smm_card_113_b,choice_smm_card_113_b.png,Assets/Stories/saray_mutfagindan_muhre/Choices/choice_smm_card_113_b.png,smm_card_115
smm_card_114,Zehir Tadım Odası: Mum Işığı,CARDS_PART_05_POISON_TASTER.yaml,bg_taht_salonu,bg_taht_salonu.png,Assets/Stories/saray_mutfagindan_muhre/Backgrounds/bg_taht_salonu.png,A,smm_card_114_a,Zehir defterini eksiksiz tut,choice_smm_card_114_a,choice_smm_card_114_a.png,Assets/Stories/saray_mutfagindan_muhre/Choices/choice_smm_card_114_a.png,smm_card_115
smm_card_114,Zehir Tadım Odası: Mum Işığı,CARDS_PART_05_POISON_TASTER.yaml,bg_taht_salonu,bg_taht_salonu.png,Assets/Stories/saray_mutfagindan_muhre/Backgrounds/bg_taht_salonu.png,B,smm_card_114_b,Defterdeki satırı değiştir,choice_smm_card_114_b,choice_smm_card_114_b.png,Assets/Stories/saray_mutfagindan_muhre/Choices/choice_smm_card_114_b.png,smm_card_116
smm_card_115,Zehir Tadım Odası: Gece Nöbeti,CARDS_PART_05_POISON_TASTER.yaml,bg_sifahane_ic_odasi,bg_sifahane_ic_odasi.png,Assets/Stories/saray_mutfagindan_muhre/Backgrounds/bg_sifahane_ic_odasi.png,A,smm_card_115_a,Şüpheli baharatı mühürlet,choice_smm_card_115_a,choice_smm_card_115_a.png,Assets/Stories/saray_mutfagindan_muhre/Choices/choice_smm_card_115_a.png,smm_card_116
smm_card_115,Zehir Tadım Odası: Gece Nöbeti,CARDS_PART_05_POISON_TASTER.yaml,bg_sifahane_ic_odasi,bg_sifahane_ic_odasi.png,Assets/Stories/saray_mutfagindan_muhre/Backgrounds/bg_sifahane_ic_odasi.png,B,smm_card_115_b,Baharatı karaborsaya sızdır,choice_smm_card_115_b,choice_smm_card_115_b.png,Assets/Stories/saray_mutfagindan_muhre/Choices/choice_smm_card_115_b.png,smm_card_118
smm_card_116,Zehir Tadım Odası: Kilitli Raf,CARDS_PART_05_POISON_TASTER.yaml,bg_zehir_tadim_odasi,bg_zehir_tadim_odasi.png,Assets/Stories/saray_mutfagindan_muhre/Backgrounds/bg_zehir_tadim_odasi.png,A,smm_card_116_a,Tortuyu Simin'e açıkça göster,choice_smm_card_116_a,choice_smm_card_116_a.png,Assets/Stories/saray_mutfagindan_muhre/Choices/choice_smm_card_116_a.png,smm_card_117
smm_card_116,Zehir Tadım Odası: Kilitli Raf,CARDS_PART_05_POISON_TASTER.yaml,bg_zehir_tadim_odasi,bg_zehir_tadim_odasi.png,Assets/Stories/saray_mutfagindan_muhre/Backgrounds/bg_zehir_tadim_odasi.png,B,smm_card_116_b,Tortuyu gizli koza çevir,choice_smm_card_116_b,choice_smm_card_116_b.png,Assets/Stories/saray_mutfagindan_muhre/Choices/choice_smm_card_116_b.png,smm_card_118
smm_card_117,Zehir Tadım Odası: Sarayın Kulağı,CARDS_PART_05_POISON_TASTER.yaml,bg_zehir_tadim_odasi_gece,bg_zehir_tadim_odasi_gece.png,Assets/Stories/saray_mutfagindan_muhre/Backgrounds/bg_zehir_tadim_odasi_gece.png,A,smm_card_117_a,Panzehiri doğru kişiye ulaştır,choice_smm_card_117_a,choice_smm_card_117_a.png,Assets/Stories/saray_mutfagindan_muhre/Choices/choice_smm_card_117_a.png,smm_card_118
smm_card_117,Zehir Tadım Odası: Sarayın Kulağı,CARDS_PART_05_POISON_TASTER.yaml,bg_zehir_tadim_odasi_gece,bg_zehir_tadim_odasi_gece.png,Assets/Stories/saray_mutfagindan_muhre/Backgrounds/bg_zehir_tadim_odasi_gece.png,B,smm_card_117_b,Panzehir kavanozunu sakla,choice_smm_card_117_b,choice_smm_card_117_b.png,Assets/Stories/saray_mutfagindan_muhre/Choices/choice_smm_card_117_b.png,smm_card_119
smm_card_118,Zehir Tadım Odası: Yağ Halkası,CARDS_PART_05_POISON_TASTER.yaml,bg_baharat_odasi_safran,bg_baharat_odasi_safran.png,Assets/Stories/saray_mutfagindan_muhre/Backgrounds/bg_baharat_odasi_safran.png,A,smm_card_118_a,Kadehi usulünce önce kendin tat,choice_smm_card_118_a,choice_smm_card_118_a.png,Assets/Stories/saray_mutfagindan_muhre/Choices/choice_smm_card_118_a.png,smm_card_119
smm_card_118,Zehir Tadım Odası: Yağ Halkası,CARDS_PART_05_POISON_TASTER.yaml,bg_baharat_odasi_safran,bg_baharat_odasi_safran.png,Assets/Stories/saray_mutfagindan_muhre/Backgrounds/bg_baharat_odasi_safran.png,B,smm_card_118_b,Kadehi rakibe önce uzat,choice_smm_card_118_b,choice_smm_card_118_b.png,Assets/Stories/saray_mutfagindan_muhre/Choices/choice_smm_card_118_b.png,smm_card_120
smm_card_119,Zehir Tadım Odası: Ak Gaga'nın Yolu,CARDS_PART_05_POISON_TASTER.yaml,bg_taht_salonu,bg_taht_salonu.png,Assets/Stories/saray_mutfagindan_muhre/Backgrounds/bg_taht_salonu.png,A,smm_card_119_a,Zehir defterini eksiksiz tut,choice_smm_card_119_a,choice_smm_card_119_a.png,Assets/Stories/saray_mutfagindan_muhre/Choices/choice_smm_card_119_a.png,smm_card_120
smm_card_119,Zehir Tadım Odası: Ak Gaga'nın Yolu,CARDS_PART_05_POISON_TASTER.yaml,bg_taht_salonu,bg_taht_salonu.png,Assets/Stories/saray_mutfagindan_muhre/Backgrounds/bg_taht_salonu.png,B,smm_card_119_b,Defterdeki satırı değiştir,choice_smm_card_119_b,choice_smm_card_119_b.png,Assets/Stories/saray_mutfagindan_muhre/Choices/choice_smm_card_119_b.png,smm_card_121
smm_card_120,Zehir Tadım Odası: Gümüş Kaşık,CARDS_PART_05_POISON_TASTER.yaml,bg_sifahane_ic_odasi,bg_sifahane_ic_odasi.png,Assets/Stories/saray_mutfagindan_muhre/Backgrounds/bg_sifahane_ic_odasi.png,A,smm_card_120_a,Şüpheli baharatı mühürlet,choice_smm_card_120_a,choice_smm_card_120_a.png,Assets/Stories/saray_mutfagindan_muhre/Choices/choice_smm_card_120_a.png,smm_card_121
smm_card_120,Zehir Tadım Odası: Gümüş Kaşık,CARDS_PART_05_POISON_TASTER.yaml,bg_sifahane_ic_odasi,bg_sifahane_ic_odasi.png,Assets/Stories/saray_mutfagindan_muhre/Backgrounds/bg_sifahane_ic_odasi.png,B,smm_card_120_b,Baharatı karaborsaya sızdır,choice_smm_card_120_b,choice_smm_card_120_b.png,Assets/Stories/saray_mutfagindan_muhre/Choices/choice_smm_card_120_b.png,smm_card_123
smm_card_121,Zehir Tadım Odası: Kayıp Ölçü,CARDS_PART_05_POISON_TASTER.yaml,bg_zehir_tadim_odasi,bg_zehir_tadim_odasi.png,Assets/Stories/saray_mutfagindan_muhre/Backgrounds/bg_zehir_tadim_odasi.png,A,smm_card_121_a,Tortuyu Simin'e açıkça göster,choice_smm_card_121_a,choice_smm_card_121_a.png,Assets/Stories/saray_mutfagindan_muhre/Choices/choice_smm_card_121_a.png,smm_card_122
smm_card_121,Zehir Tadım Odası: Kayıp Ölçü,CARDS_PART_05_POISON_TASTER.yaml,bg_zehir_tadim_odasi,bg_zehir_tadim_odasi.png,Assets/Stories/saray_mutfagindan_muhre/Backgrounds/bg_zehir_tadim_odasi.png,B,smm_card_121_b,Tortuyu gizli koza çevir,choice_smm_card_121_b,choice_smm_card_121_b.png,Assets/Stories/saray_mutfagindan_muhre/Choices/choice_smm_card_121_b.png,smm_card_123
smm_card_122,Zehir Tadım Odası: Kuyrukta Ekmek,CARDS_PART_05_POISON_TASTER.yaml,bg_zehir_tadim_odasi_gece,bg_zehir_tadim_odasi_gece.png,Assets/Stories/saray_mutfagindan_muhre/Backgrounds/bg_zehir_tadim_odasi_gece.png,A,smm_card_122_a,Panzehiri doğru kişiye ulaştır,choice_smm_card_122_a,choice_smm_card_122_a.png,Assets/Stories/saray_mutfagindan_muhre/Choices/choice_smm_card_122_a.png,smm_card_123
smm_card_122,Zehir Tadım Odası: Kuyrukta Ekmek,CARDS_PART_05_POISON_TASTER.yaml,bg_zehir_tadim_odasi_gece,bg_zehir_tadim_odasi_gece.png,Assets/Stories/saray_mutfagindan_muhre/Backgrounds/bg_zehir_tadim_odasi_gece.png,B,smm_card_122_b,Panzehir kavanozunu sakla,choice_smm_card_122_b,choice_smm_card_122_b.png,Assets/Stories/saray_mutfagindan_muhre/Choices/choice_smm_card_122_b.png,smm_card_124
smm_card_123,Zehir Tadım Odası: Keskin Koku,CARDS_PART_05_POISON_TASTER.yaml,bg_baharat_odasi_safran,bg_baharat_odasi_safran.png,Assets/Stories/saray_mutfagindan_muhre/Backgrounds/bg_baharat_odasi_safran.png,A,smm_card_123_a,Kadehi usulünce önce kendin tat,choice_smm_card_123_a,choice_smm_card_123_a.png,Assets/Stories/saray_mutfagindan_muhre/Choices/choice_smm_card_123_a.png,smm_card_124
smm_card_123,Zehir Tadım Odası: Keskin Koku,CARDS_PART_05_POISON_TASTER.yaml,bg_baharat_odasi_safran,bg_baharat_odasi_safran.png,Assets/Stories/saray_mutfagindan_muhre/Backgrounds/bg_baharat_odasi_safran.png,B,smm_card_123_b,Kadehi rakibe önce uzat,choice_smm_card_123_b,choice_smm_card_123_b.png,Assets/Stories/saray_mutfagindan_muhre/Choices/choice_smm_card_123_b.png,smm_card_125
smm_card_124,Zehir Tadım Odası: Mühre Giden İz,CARDS_PART_05_POISON_TASTER.yaml,bg_taht_salonu,bg_taht_salonu.png,Assets/Stories/saray_mutfagindan_muhre/Backgrounds/bg_taht_salonu.png,A,smm_card_124_a,Zehir defterini eksiksiz tut,choice_smm_card_124_a,choice_smm_card_124_a.png,Assets/Stories/saray_mutfagindan_muhre/Choices/choice_smm_card_124_a.png,smm_card_125
smm_card_124,Zehir Tadım Odası: Mühre Giden İz,CARDS_PART_05_POISON_TASTER.yaml,bg_taht_salonu,bg_taht_salonu.png,Assets/Stories/saray_mutfagindan_muhre/Backgrounds/bg_taht_salonu.png,B,smm_card_124_b,Defterdeki satırı değiştir,choice_smm_card_124_b,choice_smm_card_124_b.png,Assets/Stories/saray_mutfagindan_muhre/Choices/choice_smm_card_124_b.png,smm_card_126
smm_card_125,Zehir Tadım Odası: Dar Boğaz,CARDS_PART_05_POISON_TASTER.yaml,bg_sifahane_ic_odasi,bg_sifahane_ic_odasi.png,Assets/Stories/saray_mutfagindan_muhre/Backgrounds/bg_sifahane_ic_odasi.png,A,smm_card_125_a,Şüpheli baharatı mühürlet,choice_smm_card_125_a,choice_smm_card_125_a.png,Assets/Stories/saray_mutfagindan_muhre/Choices/choice_smm_card_125_a.png,smm_card_126
smm_card_125,Zehir Tadım Odası: Dar Boğaz,CARDS_PART_05_POISON_TASTER.yaml,bg_sifahane_ic_odasi,bg_sifahane_ic_odasi.png,Assets/Stories/saray_mutfagindan_muhre/Backgrounds/bg_sifahane_ic_odasi.png,B,smm_card_125_b,Baharatı karaborsaya sızdır,choice_smm_card_125_b,choice_smm_card_125_b.png,Assets/Stories/saray_mutfagindan_muhre/Choices/choice_smm_card_125_b.png,smm_card_128
smm_card_126,Şifahane Yolu: İlk Eşik,CARDS_PART_06_HEALER_PATH.yaml,bg_sifahane_avlusu,bg_sifahane_avlusu.png,Assets/Stories/saray_mutfagindan_muhre/Backgrounds/bg_sifahane_avlusu.png,A,smm_card_126_a,Yaralıyı kayda geçirerek tedavi et,choice_smm_card_126_a,choice_smm_card_126_a.png,Assets/Stories/saray_mutfagindan_muhre/Choices/choice_smm_card_126_a.png,smm_card_127
smm_card_126,Şifahane Yolu: İlk Eşik,CARDS_PART_06_HEALER_PATH.yaml,bg_sifahane_avlusu,bg_sifahane_avlusu.png,Assets/Stories/saray_mutfagindan_muhre/Backgrounds/bg_sifahane_avlusu.png,B,smm_card_126_b,Yarayı siyasi sır yap,choice_smm_card_126_b,choice_smm_card_126_b.png,Assets/Stories/saray_mutfagindan_muhre/Choices/choice_smm_card_126_b.png,smm_card_128
smm_card_127,Şifahane Yolu: Sıcak Bakır,CARDS_PART_06_HEALER_PATH.yaml,bg_sifahane_ic_odasi,bg_sifahane_ic_odasi.png,Assets/Stories/saray_mutfagindan_muhre/Backgrounds/bg_sifahane_ic_odasi.png,A,smm_card_127_a,Panzehiri halka açık hazırla,choice_smm_card_127_a,choice_smm_card_127_a.png,Assets/Stories/saray_mutfagindan_muhre/Choices/choice_smm_card_127_a.png,smm_card_128
smm_card_127,Şifahane Yolu: Sıcak Bakır,CARDS_PART_06_HEALER_PATH.yaml,bg_sifahane_ic_odasi,bg_sifahane_ic_odasi.png,Assets/Stories/saray_mutfagindan_muhre/Backgrounds/bg_sifahane_ic_odasi.png,B,smm_card_127_b,Panzehiri yalnız varise ayır,choice_smm_card_127_b,choice_smm_card_127_b.png,Assets/Stories/saray_mutfagindan_muhre/Choices/choice_smm_card_127_b.png,smm_card_129
smm_card_128,Şifahane Yolu: Sessiz Bakış,CARDS_PART_06_HEALER_PATH.yaml,bg_yarali_asker_cadiri,bg_yarali_asker_cadiri.png,Assets/Stories/saray_mutfagindan_muhre/Backgrounds/bg_yarali_asker_cadiri.png,A,smm_card_128_a,Bera'nın yeminini koru,choice_smm_card_128_a,choice_smm_card_128_a.png,Assets/Stories/saray_mutfagindan_muhre/Choices/choice_smm_card_128_a.png,smm_card_129
smm_card_128,Şifahane Yolu: Sessiz Bakış,CARDS_PART_06_HEALER_PATH.yaml,bg_yarali_asker_cadiri,bg_yarali_asker_cadiri.png,Assets/Stories/saray_mutfagindan_muhre/Backgrounds/bg_yarali_asker_cadiri.png,B,smm_card_128_b,Bera'nın defterini kopyala,choice_smm_card_128_b,choice_smm_card_128_b.png,Assets/Stories/saray_mutfagindan_muhre/Choices/choice_smm_card_128_b.png,smm_card_130
smm_card_129,Şifahane Yolu: İnce Hesap,CARDS_PART_06_HEALER_PATH.yaml,bg_yeralti_sarnici,bg_yeralti_sarnici.png,Assets/Stories/saray_mutfagindan_muhre/Backgrounds/bg_yeralti_sarnici.png,A,smm_card_129_a,Otları doğru dozda karıştır,choice_smm_card_129_a,choice_smm_card_129_a.png,Assets/Stories/saray_mutfagindan_muhre/Choices/choice_smm_card_129_a.png,smm_card_130
smm_card_129,Şifahane Yolu: İnce Hesap,CARDS_PART_06_HEALER_PATH.yaml,bg_yeralti_sarnici,bg_yeralti_sarnici.png,Assets/Stories/saray_mutfagindan_muhre/Backgrounds/bg_yeralti_sarnici.png,B,smm_card_129_b,Dozu cesurca artır,choice_smm_card_129_b,choice_smm_card_129_b.png,Assets/Stories/saray_mutfagindan_muhre/Choices/choice_smm_card_129_b.png,smm_card_131
smm_card_130,Şifahane Yolu: Gizli Lekeler,CARDS_PART_06_HEALER_PATH.yaml,bg_halk_ekmek_kuyrugu,bg_halk_ekmek_kuyrugu.png,Assets/Stories/saray_mutfagindan_muhre/Backgrounds/bg_halk_ekmek_kuyrugu.png,A,smm_card_130_a,Hastayı saraydan sakince çıkar,choice_smm_card_130_a,choice_smm_card_130_a.png,Assets/Stories/saray_mutfagindan_muhre/Choices/choice_smm_card_130_a.png,smm_card_131
smm_card_130,Şifahane Yolu: Gizli Lekeler,CARDS_PART_06_HEALER_PATH.yaml,bg_halk_ekmek_kuyrugu,bg_halk_ekmek_kuyrugu.png,Assets/Stories/saray_mutfagindan_muhre/Backgrounds/bg_halk_ekmek_kuyrugu.png,B,smm_card_130_b,Hastayı isyancılara yönlendir,choice_smm_card_130_b,choice_smm_card_130_b.png,Assets/Stories/saray_mutfagindan_muhre/Choices/choice_smm_card_130_b.png,smm_card_133
smm_card_131,Şifahane Yolu: Kör Alev,CARDS_PART_06_HEALER_PATH.yaml,bg_sifahane_avlusu,bg_sifahane_avlusu.png,Assets/Stories/saray_mutfagindan_muhre/Backgrounds/bg_sifahane_avlusu.png,A,smm_card_131_a,Yaralıyı kayda geçirerek tedavi et,choice_smm_card_131_a,choice_smm_card_131_a.png,Assets/Stories/saray_mutfagindan_muhre/Choices/choice_smm_card_131_a.png,smm_card_132
smm_card_131,Şifahane Yolu: Kör Alev,CARDS_PART_06_HEALER_PATH.yaml,bg_sifahane_avlusu,bg_sifahane_avlusu.png,Assets/Stories/saray_mutfagindan_muhre/Backgrounds/bg_sifahane_avlusu.png,B,smm_card_131_b,Yarayı siyasi sır yap,choice_smm_card_131_b,choice_smm_card_131_b.png,Assets/Stories/saray_mutfagindan_muhre/Choices/choice_smm_card_131_b.png,smm_card_133
smm_card_132,Şifahane Yolu: Üç Nohut,CARDS_PART_06_HEALER_PATH.yaml,bg_sifahane_ic_odasi,bg_sifahane_ic_odasi.png,Assets/Stories/saray_mutfagindan_muhre/Backgrounds/bg_sifahane_ic_odasi.png,A,smm_card_132_a,Panzehiri halka açık hazırla,choice_smm_card_132_a,choice_smm_card_132_a.png,Assets/Stories/saray_mutfagindan_muhre/Choices/choice_smm_card_132_a.png,smm_card_133
smm_card_132,Şifahane Yolu: Üç Nohut,CARDS_PART_06_HEALER_PATH.yaml,bg_sifahane_ic_odasi,bg_sifahane_ic_odasi.png,Assets/Stories/saray_mutfagindan_muhre/Backgrounds/bg_sifahane_ic_odasi.png,B,smm_card_132_b,Panzehiri yalnız varise ayır,choice_smm_card_132_b,choice_smm_card_132_b.png,Assets/Stories/saray_mutfagindan_muhre/Choices/choice_smm_card_132_b.png,smm_card_134
smm_card_133,Şifahane Yolu: Kapıdaki Fısıltı,CARDS_PART_06_HEALER_PATH.yaml,bg_yarali_asker_cadiri,bg_yarali_asker_cadiri.png,Assets/Stories/saray_mutfagindan_muhre/Backgrounds/bg_yarali_asker_cadiri.png,A,smm_card_133_a,Bera'nın yeminini koru,choice_smm_card_133_a,choice_smm_card_133_a.png,Assets/Stories/saray_mutfagindan_muhre/Choices/choice_smm_card_133_a.png,smm_card_134
smm_card_133,Şifahane Yolu: Kapıdaki Fısıltı,CARDS_PART_06_HEALER_PATH.yaml,bg_yarali_asker_cadiri,bg_yarali_asker_cadiri.png,Assets/Stories/saray_mutfagindan_muhre/Backgrounds/bg_yarali_asker_cadiri.png,B,smm_card_133_b,Bera'nın defterini kopyala,choice_smm_card_133_b,choice_smm_card_133_b.png,Assets/Stories/saray_mutfagindan_muhre/Choices/choice_smm_card_133_b.png,smm_card_135
smm_card_134,Şifahane Yolu: Aç Karnın Sözü,CARDS_PART_06_HEALER_PATH.yaml,bg_yeralti_sarnici,bg_yeralti_sarnici.png,Assets/Stories/saray_mutfagindan_muhre/Backgrounds/bg_yeralti_sarnici.png,A,smm_card_134_a,Otları doğru dozda karıştır,choice_smm_card_134_a,choice_smm_card_134_a.png,Assets/Stories/saray_mutfagindan_muhre/Choices/choice_smm_card_134_a.png,smm_card_135
smm_card_134,Şifahane Yolu: Aç Karnın Sözü,CARDS_PART_06_HEALER_PATH.yaml,bg_yeralti_sarnici,bg_yeralti_sarnici.png,Assets/Stories/saray_mutfagindan_muhre/Backgrounds/bg_yeralti_sarnici.png,B,smm_card_134_b,Dozu cesurca artır,choice_smm_card_134_b,choice_smm_card_134_b.png,Assets/Stories/saray_mutfagindan_muhre/Choices/choice_smm_card_134_b.png,smm_card_136
smm_card_135,Şifahane Yolu: Ustanın Sınavı,CARDS_PART_06_HEALER_PATH.yaml,bg_halk_ekmek_kuyrugu,bg_halk_ekmek_kuyrugu.png,Assets/Stories/saray_mutfagindan_muhre/Backgrounds/bg_halk_ekmek_kuyrugu.png,A,smm_card_135_a,Hastayı saraydan sakince çıkar,choice_smm_card_135_a,choice_smm_card_135_a.png,Assets/Stories/saray_mutfagindan_muhre/Choices/choice_smm_card_135_a.png,smm_card_136
smm_card_135,Şifahane Yolu: Ustanın Sınavı,CARDS_PART_06_HEALER_PATH.yaml,bg_halk_ekmek_kuyrugu,bg_halk_ekmek_kuyrugu.png,Assets/Stories/saray_mutfagindan_muhre/Backgrounds/bg_halk_ekmek_kuyrugu.png,B,smm_card_135_b,Hastayı isyancılara yönlendir,choice_smm_card_135_b,choice_smm_card_135_b.png,Assets/Stories/saray_mutfagindan_muhre/Choices/choice_smm_card_135_b.png,smm_card_138
smm_card_136,Şifahane Yolu: Kazanın Gölgesi,CARDS_PART_06_HEALER_PATH.yaml,bg_sifahane_avlusu,bg_sifahane_avlusu.png,Assets/Stories/saray_mutfagindan_muhre/Backgrounds/bg_sifahane_avlusu.png,A,smm_card_136_a,Yaralıyı kayda geçirerek tedavi et,choice_smm_card_136_a,choice_smm_card_136_a.png,Assets/Stories/saray_mutfagindan_muhre/Choices/choice_smm_card_136_a.png,smm_card_137
smm_card_136,Şifahane Yolu: Kazanın Gölgesi,CARDS_PART_06_HEALER_PATH.yaml,bg_sifahane_avlusu,bg_sifahane_avlusu.png,Assets/Stories/saray_mutfagindan_muhre/Backgrounds/bg_sifahane_avlusu.png,B,smm_card_136_b,Yarayı siyasi sır yap,choice_smm_card_136_b,choice_smm_card_136_b.png,Assets/Stories/saray_mutfagindan_muhre/Choices/choice_smm_card_136_b.png,smm_card_138
smm_card_137,Şifahane Yolu: Tuz ve Yemin,CARDS_PART_06_HEALER_PATH.yaml,bg_sifahane_ic_odasi,bg_sifahane_ic_odasi.png,Assets/Stories/saray_mutfagindan_muhre/Backgrounds/bg_sifahane_ic_odasi.png,A,smm_card_137_a,Panzehiri halka açık hazırla,choice_smm_card_137_a,choice_smm_card_137_a.png,Assets/Stories/saray_mutfagindan_muhre/Choices/choice_smm_card_137_a.png,smm_card_138
smm_card_137,Şifahane Yolu: Tuz ve Yemin,CARDS_PART_06_HEALER_PATH.yaml,bg_sifahane_ic_odasi,bg_sifahane_ic_odasi.png,Assets/Stories/saray_mutfagindan_muhre/Backgrounds/bg_sifahane_ic_odasi.png,B,smm_card_137_b,Panzehiri yalnız varise ayır,choice_smm_card_137_b,choice_smm_card_137_b.png,Assets/Stories/saray_mutfagindan_muhre/Choices/choice_smm_card_137_b.png,smm_card_139
smm_card_138,Şifahane Yolu: Kırık Tabak,CARDS_PART_06_HEALER_PATH.yaml,bg_yarali_asker_cadiri,bg_yarali_asker_cadiri.png,Assets/Stories/saray_mutfagindan_muhre/Backgrounds/bg_yarali_asker_cadiri.png,A,smm_card_138_a,Bera'nın yeminini koru,choice_smm_card_138_a,choice_smm_card_138_a.png,Assets/Stories/saray_mutfagindan_muhre/Choices/choice_smm_card_138_a.png,smm_card_139
smm_card_138,Şifahane Yolu: Kırık Tabak,CARDS_PART_06_HEALER_PATH.yaml,bg_yarali_asker_cadiri,bg_yarali_asker_cadiri.png,Assets/Stories/saray_mutfagindan_muhre/Backgrounds/bg_yarali_asker_cadiri.png,B,smm_card_138_b,Bera'nın defterini kopyala,choice_smm_card_138_b,choice_smm_card_138_b.png,Assets/Stories/saray_mutfagindan_muhre/Choices/choice_smm_card_138_b.png,smm_card_140
smm_card_139,Şifahane Yolu: Mum Işığı,CARDS_PART_06_HEALER_PATH.yaml,bg_yeralti_sarnici,bg_yeralti_sarnici.png,Assets/Stories/saray_mutfagindan_muhre/Backgrounds/bg_yeralti_sarnici.png,A,smm_card_139_a,Otları doğru dozda karıştır,choice_smm_card_139_a,choice_smm_card_139_a.png,Assets/Stories/saray_mutfagindan_muhre/Choices/choice_smm_card_139_a.png,smm_card_140
smm_card_139,Şifahane Yolu: Mum Işığı,CARDS_PART_06_HEALER_PATH.yaml,bg_yeralti_sarnici,bg_yeralti_sarnici.png,Assets/Stories/saray_mutfagindan_muhre/Backgrounds/bg_yeralti_sarnici.png,B,smm_card_139_b,Dozu cesurca artır,choice_smm_card_139_b,choice_smm_card_139_b.png,Assets/Stories/saray_mutfagindan_muhre/Choices/choice_smm_card_139_b.png,smm_card_141
smm_card_140,Şifahane Yolu: Gece Nöbeti,CARDS_PART_06_HEALER_PATH.yaml,bg_halk_ekmek_kuyrugu,bg_halk_ekmek_kuyrugu.png,Assets/Stories/saray_mutfagindan_muhre/Backgrounds/bg_halk_ekmek_kuyrugu.png,A,smm_card_140_a,Hastayı saraydan sakince çıkar,choice_smm_card_140_a,choice_smm_card_140_a.png,Assets/Stories/saray_mutfagindan_muhre/Choices/choice_smm_card_140_a.png,smm_card_141
smm_card_140,Şifahane Yolu: Gece Nöbeti,CARDS_PART_06_HEALER_PATH.yaml,bg_halk_ekmek_kuyrugu,bg_halk_ekmek_kuyrugu.png,Assets/Stories/saray_mutfagindan_muhre/Backgrounds/bg_halk_ekmek_kuyrugu.png,B,smm_card_140_b,Hastayı isyancılara yönlendir,choice_smm_card_140_b,choice_smm_card_140_b.png,Assets/Stories/saray_mutfagindan_muhre/Choices/choice_smm_card_140_b.png,smm_card_143
smm_card_141,Şifahane Yolu: Kilitli Raf,CARDS_PART_06_HEALER_PATH.yaml,bg_sifahane_avlusu,bg_sifahane_avlusu.png,Assets/Stories/saray_mutfagindan_muhre/Backgrounds/bg_sifahane_avlusu.png,A,smm_card_141_a,Yaralıyı kayda geçirerek tedavi et,choice_smm_card_141_a,choice_smm_card_141_a.png,Assets/Stories/saray_mutfagindan_muhre/Choices/choice_smm_card_141_a.png,smm_card_142
smm_card_141,Şifahane Yolu: Kilitli Raf,CARDS_PART_06_HEALER_PATH.yaml,bg_sifahane_avlusu,bg_sifahane_avlusu.png,Assets/Stories/saray_mutfagindan_muhre/Backgrounds/bg_sifahane_avlusu.png,B,smm_card_141_b,Yarayı siyasi sır yap,choice_smm_card_141_b,choice_smm_card_141_b.png,Assets/Stories/saray_mutfagindan_muhre/Choices/choice_smm_card_141_b.png,smm_card_143
smm_card_142,Şifahane Yolu: Sarayın Kulağı,CARDS_PART_06_HEALER_PATH.yaml,bg_sifahane_ic_odasi,bg_sifahane_ic_odasi.png,Assets/Stories/saray_mutfagindan_muhre/Backgrounds/bg_sifahane_ic_odasi.png,A,smm_card_142_a,Panzehiri halka açık hazırla,choice_smm_card_142_a,choice_smm_card_142_a.png,Assets/Stories/saray_mutfagindan_muhre/Choices/choice_smm_card_142_a.png,smm_card_143
smm_card_142,Şifahane Yolu: Sarayın Kulağı,CARDS_PART_06_HEALER_PATH.yaml,bg_sifahane_ic_odasi,bg_sifahane_ic_odasi.png,Assets/Stories/saray_mutfagindan_muhre/Backgrounds/bg_sifahane_ic_odasi.png,B,smm_card_142_b,Panzehiri yalnız varise ayır,choice_smm_card_142_b,choice_smm_card_142_b.png,Assets/Stories/saray_mutfagindan_muhre/Choices/choice_smm_card_142_b.png,smm_card_144
smm_card_143,Şifahane Yolu: Yağ Halkası,CARDS_PART_06_HEALER_PATH.yaml,bg_yarali_asker_cadiri,bg_yarali_asker_cadiri.png,Assets/Stories/saray_mutfagindan_muhre/Backgrounds/bg_yarali_asker_cadiri.png,A,smm_card_143_a,Bera'nın yeminini koru,choice_smm_card_143_a,choice_smm_card_143_a.png,Assets/Stories/saray_mutfagindan_muhre/Choices/choice_smm_card_143_a.png,smm_card_144
smm_card_143,Şifahane Yolu: Yağ Halkası,CARDS_PART_06_HEALER_PATH.yaml,bg_yarali_asker_cadiri,bg_yarali_asker_cadiri.png,Assets/Stories/saray_mutfagindan_muhre/Backgrounds/bg_yarali_asker_cadiri.png,B,smm_card_143_b,Bera'nın defterini kopyala,choice_smm_card_143_b,choice_smm_card_143_b.png,Assets/Stories/saray_mutfagindan_muhre/Choices/choice_smm_card_143_b.png,smm_card_145
smm_card_144,Şifahane Yolu: Ak Gaga'nın Yolu,CARDS_PART_06_HEALER_PATH.yaml,bg_yeralti_sarnici,bg_yeralti_sarnici.png,Assets/Stories/saray_mutfagindan_muhre/Backgrounds/bg_yeralti_sarnici.png,A,smm_card_144_a,Otları doğru dozda karıştır,choice_smm_card_144_a,choice_smm_card_144_a.png,Assets/Stories/saray_mutfagindan_muhre/Choices/choice_smm_card_144_a.png,smm_card_145
smm_card_144,Şifahane Yolu: Ak Gaga'nın Yolu,CARDS_PART_06_HEALER_PATH.yaml,bg_yeralti_sarnici,bg_yeralti_sarnici.png,Assets/Stories/saray_mutfagindan_muhre/Backgrounds/bg_yeralti_sarnici.png,B,smm_card_144_b,Dozu cesurca artır,choice_smm_card_144_b,choice_smm_card_144_b.png,Assets/Stories/saray_mutfagindan_muhre/Choices/choice_smm_card_144_b.png,smm_card_146
smm_card_145,Şifahane Yolu: Gümüş Kaşık,CARDS_PART_06_HEALER_PATH.yaml,bg_halk_ekmek_kuyrugu,bg_halk_ekmek_kuyrugu.png,Assets/Stories/saray_mutfagindan_muhre/Backgrounds/bg_halk_ekmek_kuyrugu.png,A,smm_card_145_a,Hastayı saraydan sakince çıkar,choice_smm_card_145_a,choice_smm_card_145_a.png,Assets/Stories/saray_mutfagindan_muhre/Choices/choice_smm_card_145_a.png,smm_card_146
smm_card_145,Şifahane Yolu: Gümüş Kaşık,CARDS_PART_06_HEALER_PATH.yaml,bg_halk_ekmek_kuyrugu,bg_halk_ekmek_kuyrugu.png,Assets/Stories/saray_mutfagindan_muhre/Backgrounds/bg_halk_ekmek_kuyrugu.png,B,smm_card_145_b,Hastayı isyancılara yönlendir,choice_smm_card_145_b,choice_smm_card_145_b.png,Assets/Stories/saray_mutfagindan_muhre/Choices/choice_smm_card_145_b.png,smm_card_148
smm_card_146,Şifahane Yolu: Kayıp Ölçü,CARDS_PART_06_HEALER_PATH.yaml,bg_sifahane_avlusu,bg_sifahane_avlusu.png,Assets/Stories/saray_mutfagindan_muhre/Backgrounds/bg_sifahane_avlusu.png,A,smm_card_146_a,Yaralıyı kayda geçirerek tedavi et,choice_smm_card_146_a,choice_smm_card_146_a.png,Assets/Stories/saray_mutfagindan_muhre/Choices/choice_smm_card_146_a.png,smm_card_147
smm_card_146,Şifahane Yolu: Kayıp Ölçü,CARDS_PART_06_HEALER_PATH.yaml,bg_sifahane_avlusu,bg_sifahane_avlusu.png,Assets/Stories/saray_mutfagindan_muhre/Backgrounds/bg_sifahane_avlusu.png,B,smm_card_146_b,Yarayı siyasi sır yap,choice_smm_card_146_b,choice_smm_card_146_b.png,Assets/Stories/saray_mutfagindan_muhre/Choices/choice_smm_card_146_b.png,smm_card_148
smm_card_147,Şifahane Yolu: Kuyrukta Ekmek,CARDS_PART_06_HEALER_PATH.yaml,bg_sifahane_ic_odasi,bg_sifahane_ic_odasi.png,Assets/Stories/saray_mutfagindan_muhre/Backgrounds/bg_sifahane_ic_odasi.png,A,smm_card_147_a,Panzehiri halka açık hazırla,choice_smm_card_147_a,choice_smm_card_147_a.png,Assets/Stories/saray_mutfagindan_muhre/Choices/choice_smm_card_147_a.png,smm_card_148
smm_card_147,Şifahane Yolu: Kuyrukta Ekmek,CARDS_PART_06_HEALER_PATH.yaml,bg_sifahane_ic_odasi,bg_sifahane_ic_odasi.png,Assets/Stories/saray_mutfagindan_muhre/Backgrounds/bg_sifahane_ic_odasi.png,B,smm_card_147_b,Panzehiri yalnız varise ayır,choice_smm_card_147_b,choice_smm_card_147_b.png,Assets/Stories/saray_mutfagindan_muhre/Choices/choice_smm_card_147_b.png,smm_card_149
smm_card_148,Şifahane Yolu: Keskin Koku,CARDS_PART_06_HEALER_PATH.yaml,bg_yarali_asker_cadiri,bg_yarali_asker_cadiri.png,Assets/Stories/saray_mutfagindan_muhre/Backgrounds/bg_yarali_asker_cadiri.png,A,smm_card_148_a,Bera'nın yeminini koru,choice_smm_card_148_a,choice_smm_card_148_a.png,Assets/Stories/saray_mutfagindan_muhre/Choices/choice_smm_card_148_a.png,smm_card_149
smm_card_148,Şifahane Yolu: Keskin Koku,CARDS_PART_06_HEALER_PATH.yaml,bg_yarali_asker_cadiri,bg_yarali_asker_cadiri.png,Assets/Stories/saray_mutfagindan_muhre/Backgrounds/bg_yarali_asker_cadiri.png,B,smm_card_148_b,Bera'nın defterini kopyala,choice_smm_card_148_b,choice_smm_card_148_b.png,Assets/Stories/saray_mutfagindan_muhre/Choices/choice_smm_card_148_b.png,smm_card_150
smm_card_149,Şifahane Yolu: Mühre Giden İz,CARDS_PART_06_HEALER_PATH.yaml,bg_yeralti_sarnici,bg_yeralti_sarnici.png,Assets/Stories/saray_mutfagindan_muhre/Backgrounds/bg_yeralti_sarnici.png,A,smm_card_149_a,Otları doğru dozda karıştır,choice_smm_card_149_a,choice_smm_card_149_a.png,Assets/Stories/saray_mutfagindan_muhre/Choices/choice_smm_card_149_a.png,smm_card_150
smm_card_149,Şifahane Yolu: Mühre Giden İz,CARDS_PART_06_HEALER_PATH.yaml,bg_yeralti_sarnici,bg_yeralti_sarnici.png,Assets/Stories/saray_mutfagindan_muhre/Backgrounds/bg_yeralti_sarnici.png,B,smm_card_149_b,Dozu cesurca artır,choice_smm_card_149_b,choice_smm_card_149_b.png,Assets/Stories/saray_mutfagindan_muhre/Choices/choice_smm_card_149_b.png,smm_card_151
smm_card_150,Şifahane Yolu: Dar Boğaz,CARDS_PART_06_HEALER_PATH.yaml,bg_halk_ekmek_kuyrugu,bg_halk_ekmek_kuyrugu.png,Assets/Stories/saray_mutfagindan_muhre/Backgrounds/bg_halk_ekmek_kuyrugu.png,A,smm_card_150_a,Hastayı saraydan sakince çıkar,choice_smm_card_150_a,choice_smm_card_150_a.png,Assets/Stories/saray_mutfagindan_muhre/Choices/choice_smm_card_150_a.png,smm_card_151
smm_card_150,Şifahane Yolu: Dar Boğaz,CARDS_PART_06_HEALER_PATH.yaml,bg_halk_ekmek_kuyrugu,bg_halk_ekmek_kuyrugu.png,Assets/Stories/saray_mutfagindan_muhre/Backgrounds/bg_halk_ekmek_kuyrugu.png,B,smm_card_150_b,Hastayı isyancılara yönlendir,choice_smm_card_150_b,choice_smm_card_150_b.png,Assets/Stories/saray_mutfagindan_muhre/Choices/choice_smm_card_150_b.png,smm_card_153
smm_card_151,Saray Casusları: İlk Eşik,CARDS_PART_07_SPY_NETWORK.yaml,bg_gizli_gecit_mumlu,bg_gizli_gecit_mumlu.png,Assets/Stories/saray_mutfagindan_muhre/Backgrounds/bg_gizli_gecit_mumlu.png,A,smm_card_151_a,Sırrı Rasih'e eksiksiz götür,choice_smm_card_151_a,choice_smm_card_151_a.png,Assets/Stories/saray_mutfagindan_muhre/Choices/choice_smm_card_151_a.png,smm_card_152
smm_card_151,Saray Casusları: İlk Eşik,CARDS_PART_07_SPY_NETWORK.yaml,bg_gizli_gecit_mumlu,bg_gizli_gecit_mumlu.png,Assets/Stories/saray_mutfagindan_muhre/Backgrounds/bg_gizli_gecit_mumlu.png,B,smm_card_151_b,Sırrı iki tarafa sat,choice_smm_card_151_b,choice_smm_card_151_b.png,Assets/Stories/saray_mutfagindan_muhre/Choices/choice_smm_card_151_b.png,smm_card_153
smm_card_152,Saray Casusları: Sıcak Bakır,CARDS_PART_07_SPY_NETWORK.yaml,bg_eski_arsiv_odasi,bg_eski_arsiv_odasi.png,Assets/Stories/saray_mutfagindan_muhre/Backgrounds/bg_eski_arsiv_odasi.png,A,smm_card_152_a,Arşiv notunu mühürle koru,choice_smm_card_152_a,choice_smm_card_152_a.png,Assets/Stories/saray_mutfagindan_muhre/Choices/choice_smm_card_152_a.png,smm_card_153
smm_card_152,Saray Casusları: Sıcak Bakır,CARDS_PART_07_SPY_NETWORK.yaml,bg_eski_arsiv_odasi,bg_eski_arsiv_odasi.png,Assets/Stories/saray_mutfagindan_muhre/Backgrounds/bg_eski_arsiv_odasi.png,B,smm_card_152_b,Arşiv notunu değiştir,choice_smm_card_152_b,choice_smm_card_152_b.png,Assets/Stories/saray_mutfagindan_muhre/Choices/choice_smm_card_152_b.png,smm_card_154
smm_card_153,Saray Casusları: Sessiz Bakış,CARDS_PART_07_SPY_NETWORK.yaml,bg_hizmetkar_koridoru,bg_hizmetkar_koridoru.png,Assets/Stories/saray_mutfagindan_muhre/Backgrounds/bg_hizmetkar_koridoru.png,A,smm_card_153_a,Soytarının sözünü dikkatle tart,choice_smm_card_153_a,choice_smm_card_153_a.png,Assets/Stories/saray_mutfagindan_muhre/Choices/choice_smm_card_153_a.png,smm_card_154
smm_card_153,Saray Casusları: Sessiz Bakış,CARDS_PART_07_SPY_NETWORK.yaml,bg_hizmetkar_koridoru,bg_hizmetkar_koridoru.png,Assets/Stories/saray_mutfagindan_muhre/Backgrounds/bg_hizmetkar_koridoru.png,B,smm_card_153_b,Soytarıyı sahte habere sür,choice_smm_card_153_b,choice_smm_card_153_b.png,Assets/Stories/saray_mutfagindan_muhre/Choices/choice_smm_card_153_b.png,smm_card_155
smm_card_154,Saray Casusları: İnce Hesap,CARDS_PART_07_SPY_NETWORK.yaml,bg_mutfak_cati_arasi,bg_mutfak_cati_arasi.png,Assets/Stories/saray_mutfagindan_muhre/Backgrounds/bg_mutfak_cati_arasi.png,A,smm_card_154_a,Geçidi kimseye belli etme,choice_smm_card_154_a,choice_smm_card_154_a.png,Assets/Stories/saray_mutfagindan_muhre/Choices/choice_smm_card_154_a.png,smm_card_155
smm_card_154,Saray Casusları: İnce Hesap,CARDS_PART_07_SPY_NETWORK.yaml,bg_mutfak_cati_arasi,bg_mutfak_cati_arasi.png,Assets/Stories/saray_mutfagindan_muhre/Backgrounds/bg_mutfak_cati_arasi.png,B,smm_card_154_b,Geçide işaret kazı,choice_smm_card_154_b,choice_smm_card_154_b.png,Assets/Stories/saray_mutfagindan_muhre/Choices/choice_smm_card_154_b.png,smm_card_156
smm_card_155,Saray Casusları: Gizli Lekeler,CARDS_PART_07_SPY_NETWORK.yaml,bg_sessiz_kutuphane,bg_sessiz_kutuphane.png,Assets/Stories/saray_mutfagindan_muhre/Backgrounds/bg_sessiz_kutuphane.png,A,smm_card_155_a,Başvezire ölçülü bilgi ver,choice_smm_card_155_a,choice_smm_card_155_a.png,Assets/Stories/saray_mutfagindan_muhre/Choices/choice_smm_card_155_a.png,smm_card_156
smm_card_155,Saray Casusları: Gizli Lekeler,CARDS_PART_07_SPY_NETWORK.yaml,bg_sessiz_kutuphane,bg_sessiz_kutuphane.png,Assets/Stories/saray_mutfagindan_muhre/Backgrounds/bg_sessiz_kutuphane.png,B,smm_card_155_b,Başveziri korkuyla zorla,choice_smm_card_155_b,choice_smm_card_155_b.png,Assets/Stories/saray_mutfagindan_muhre/Choices/choice_smm_card_155_b.png,smm_card_158
smm_card_156,Saray Casusları: Kör Alev,CARDS_PART_07_SPY_NETWORK.yaml,bg_saray_camasirhanesi,bg_saray_camasirhanesi.png,Assets/Stories/saray_mutfagindan_muhre/Backgrounds/bg_saray_camasirhanesi.png,A,smm_card_156_a,Sırrı Rasih'e eksiksiz götür,choice_smm_card_156_a,choice_smm_card_156_a.png,Assets/Stories/saray_mutfagindan_muhre/Choices/choice_smm_card_156_a.png,smm_card_157
smm_card_156,Saray Casusları: Kör Alev,CARDS_PART_07_SPY_NETWORK.yaml,bg_saray_camasirhanesi,bg_saray_camasirhanesi.png,Assets/Stories/saray_mutfagindan_muhre/Backgrounds/bg_saray_camasirhanesi.png,B,smm_card_156_b,Sırrı iki tarafa sat,choice_smm_card_156_b,choice_smm_card_156_b.png,Assets/Stories/saray_mutfagindan_muhre/Choices/choice_smm_card_156_b.png,smm_card_158
smm_card_157,Saray Casusları: Üç Nohut,CARDS_PART_07_SPY_NETWORK.yaml,bg_gizli_gecit_mumlu,bg_gizli_gecit_mumlu.png,Assets/Stories/saray_mutfagindan_muhre/Backgrounds/bg_gizli_gecit_mumlu.png,A,smm_card_157_a,Arşiv notunu mühürle koru,choice_smm_card_157_a,choice_smm_card_157_a.png,Assets/Stories/saray_mutfagindan_muhre/Choices/choice_smm_card_157_a.png,smm_card_158
smm_card_157,Saray Casusları: Üç Nohut,CARDS_PART_07_SPY_NETWORK.yaml,bg_gizli_gecit_mumlu,bg_gizli_gecit_mumlu.png,Assets/Stories/saray_mutfagindan_muhre/Backgrounds/bg_gizli_gecit_mumlu.png,B,smm_card_157_b,Arşiv notunu değiştir,choice_smm_card_157_b,choice_smm_card_157_b.png,Assets/Stories/saray_mutfagindan_muhre/Choices/choice_smm_card_157_b.png,smm_card_159
smm_card_158,Saray Casusları: Kapıdaki Fısıltı,CARDS_PART_07_SPY_NETWORK.yaml,bg_eski_arsiv_odasi,bg_eski_arsiv_odasi.png,Assets/Stories/saray_mutfagindan_muhre/Backgrounds/bg_eski_arsiv_odasi.png,A,smm_card_158_a,Soytarının sözünü dikkatle tart,choice_smm_card_158_a,choice_smm_card_158_a.png,Assets/Stories/saray_mutfagindan_muhre/Choices/choice_smm_card_158_a.png,smm_card_159
smm_card_158,Saray Casusları: Kapıdaki Fısıltı,CARDS_PART_07_SPY_NETWORK.yaml,bg_eski_arsiv_odasi,bg_eski_arsiv_odasi.png,Assets/Stories/saray_mutfagindan_muhre/Backgrounds/bg_eski_arsiv_odasi.png,B,smm_card_158_b,Soytarıyı sahte habere sür,choice_smm_card_158_b,choice_smm_card_158_b.png,Assets/Stories/saray_mutfagindan_muhre/Choices/choice_smm_card_158_b.png,smm_card_160
smm_card_159,Saray Casusları: Aç Karnın Sözü,CARDS_PART_07_SPY_NETWORK.yaml,bg_hizmetkar_koridoru,bg_hizmetkar_koridoru.png,Assets/Stories/saray_mutfagindan_muhre/Backgrounds/bg_hizmetkar_koridoru.png,A,smm_card_159_a,Geçidi kimseye belli etme,choice_smm_card_159_a,choice_smm_card_159_a.png,Assets/Stories/saray_mutfagindan_muhre/Choices/choice_smm_card_159_a.png,smm_card_160
smm_card_159,Saray Casusları: Aç Karnın Sözü,CARDS_PART_07_SPY_NETWORK.yaml,bg_hizmetkar_koridoru,bg_hizmetkar_koridoru.png,Assets/Stories/saray_mutfagindan_muhre/Backgrounds/bg_hizmetkar_koridoru.png,B,smm_card_159_b,Geçide işaret kazı,choice_smm_card_159_b,choice_smm_card_159_b.png,Assets/Stories/saray_mutfagindan_muhre/Choices/choice_smm_card_159_b.png,smm_card_161
smm_card_160,Saray Casusları: Ustanın Sınavı,CARDS_PART_07_SPY_NETWORK.yaml,bg_mutfak_cati_arasi,bg_mutfak_cati_arasi.png,Assets/Stories/saray_mutfagindan_muhre/Backgrounds/bg_mutfak_cati_arasi.png,A,smm_card_160_a,Başvezire ölçülü bilgi ver,choice_smm_card_160_a,choice_smm_card_160_a.png,Assets/Stories/saray_mutfagindan_muhre/Choices/choice_smm_card_160_a.png,smm_card_161
smm_card_160,Saray Casusları: Ustanın Sınavı,CARDS_PART_07_SPY_NETWORK.yaml,bg_mutfak_cati_arasi,bg_mutfak_cati_arasi.png,Assets/Stories/saray_mutfagindan_muhre/Backgrounds/bg_mutfak_cati_arasi.png,B,smm_card_160_b,Başveziri korkuyla zorla,choice_smm_card_160_b,choice_smm_card_160_b.png,Assets/Stories/saray_mutfagindan_muhre/Choices/choice_smm_card_160_b.png,smm_card_163
smm_card_161,Saray Casusları: Kazanın Gölgesi,CARDS_PART_07_SPY_NETWORK.yaml,bg_sessiz_kutuphane,bg_sessiz_kutuphane.png,Assets/Stories/saray_mutfagindan_muhre/Backgrounds/bg_sessiz_kutuphane.png,A,smm_card_161_a,Sırrı Rasih'e eksiksiz götür,choice_smm_card_161_a,choice_smm_card_161_a.png,Assets/Stories/saray_mutfagindan_muhre/Choices/choice_smm_card_161_a.png,smm_card_162
smm_card_161,Saray Casusları: Kazanın Gölgesi,CARDS_PART_07_SPY_NETWORK.yaml,bg_sessiz_kutuphane,bg_sessiz_kutuphane.png,Assets/Stories/saray_mutfagindan_muhre/Backgrounds/bg_sessiz_kutuphane.png,B,smm_card_161_b,Sırrı iki tarafa sat,choice_smm_card_161_b,choice_smm_card_161_b.png,Assets/Stories/saray_mutfagindan_muhre/Choices/choice_smm_card_161_b.png,smm_card_163
smm_card_162,Saray Casusları: Tuz ve Yemin,CARDS_PART_07_SPY_NETWORK.yaml,bg_saray_camasirhanesi,bg_saray_camasirhanesi.png,Assets/Stories/saray_mutfagindan_muhre/Backgrounds/bg_saray_camasirhanesi.png,A,smm_card_162_a,Arşiv notunu mühürle koru,choice_smm_card_162_a,choice_smm_card_162_a.png,Assets/Stories/saray_mutfagindan_muhre/Choices/choice_smm_card_162_a.png,smm_card_163
smm_card_162,Saray Casusları: Tuz ve Yemin,CARDS_PART_07_SPY_NETWORK.yaml,bg_saray_camasirhanesi,bg_saray_camasirhanesi.png,Assets/Stories/saray_mutfagindan_muhre/Backgrounds/bg_saray_camasirhanesi.png,B,smm_card_162_b,Arşiv notunu değiştir,choice_smm_card_162_b,choice_smm_card_162_b.png,Assets/Stories/saray_mutfagindan_muhre/Choices/choice_smm_card_162_b.png,smm_card_164
smm_card_163,Saray Casusları: Kırık Tabak,CARDS_PART_07_SPY_NETWORK.yaml,bg_gizli_gecit_mumlu,bg_gizli_gecit_mumlu.png,Assets/Stories/saray_mutfagindan_muhre/Backgrounds/bg_gizli_gecit_mumlu.png,A,smm_card_163_a,Soytarının sözünü dikkatle tart,choice_smm_card_163_a,choice_smm_card_163_a.png,Assets/Stories/saray_mutfagindan_muhre/Choices/choice_smm_card_163_a.png,smm_card_164
smm_card_163,Saray Casusları: Kırık Tabak,CARDS_PART_07_SPY_NETWORK.yaml,bg_gizli_gecit_mumlu,bg_gizli_gecit_mumlu.png,Assets/Stories/saray_mutfagindan_muhre/Backgrounds/bg_gizli_gecit_mumlu.png,B,smm_card_163_b,Soytarıyı sahte habere sür,choice_smm_card_163_b,choice_smm_card_163_b.png,Assets/Stories/saray_mutfagindan_muhre/Choices/choice_smm_card_163_b.png,smm_card_165
smm_card_164,Saray Casusları: Mum Işığı,CARDS_PART_07_SPY_NETWORK.yaml,bg_eski_arsiv_odasi,bg_eski_arsiv_odasi.png,Assets/Stories/saray_mutfagindan_muhre/Backgrounds/bg_eski_arsiv_odasi.png,A,smm_card_164_a,Geçidi kimseye belli etme,choice_smm_card_164_a,choice_smm_card_164_a.png,Assets/Stories/saray_mutfagindan_muhre/Choices/choice_smm_card_164_a.png,smm_card_165
smm_card_164,Saray Casusları: Mum Işığı,CARDS_PART_07_SPY_NETWORK.yaml,bg_eski_arsiv_odasi,bg_eski_arsiv_odasi.png,Assets/Stories/saray_mutfagindan_muhre/Backgrounds/bg_eski_arsiv_odasi.png,B,smm_card_164_b,Geçide işaret kazı,choice_smm_card_164_b,choice_smm_card_164_b.png,Assets/Stories/saray_mutfagindan_muhre/Choices/choice_smm_card_164_b.png,smm_card_166
smm_card_165,Saray Casusları: Gece Nöbeti,CARDS_PART_07_SPY_NETWORK.yaml,bg_hizmetkar_koridoru,bg_hizmetkar_koridoru.png,Assets/Stories/saray_mutfagindan_muhre/Backgrounds/bg_hizmetkar_koridoru.png,A,smm_card_165_a,Başvezire ölçülü bilgi ver,choice_smm_card_165_a,choice_smm_card_165_a.png,Assets/Stories/saray_mutfagindan_muhre/Choices/choice_smm_card_165_a.png,smm_card_166
smm_card_165,Saray Casusları: Gece Nöbeti,CARDS_PART_07_SPY_NETWORK.yaml,bg_hizmetkar_koridoru,bg_hizmetkar_koridoru.png,Assets/Stories/saray_mutfagindan_muhre/Backgrounds/bg_hizmetkar_koridoru.png,B,smm_card_165_b,Başveziri korkuyla zorla,choice_smm_card_165_b,choice_smm_card_165_b.png,Assets/Stories/saray_mutfagindan_muhre/Choices/choice_smm_card_165_b.png,smm_card_168
smm_card_166,Saray Casusları: Kilitli Raf,CARDS_PART_07_SPY_NETWORK.yaml,bg_mutfak_cati_arasi,bg_mutfak_cati_arasi.png,Assets/Stories/saray_mutfagindan_muhre/Backgrounds/bg_mutfak_cati_arasi.png,A,smm_card_166_a,Sırrı Rasih'e eksiksiz götür,choice_smm_card_166_a,choice_smm_card_166_a.png,Assets/Stories/saray_mutfagindan_muhre/Choices/choice_smm_card_166_a.png,smm_card_167
smm_card_166,Saray Casusları: Kilitli Raf,CARDS_PART_07_SPY_NETWORK.yaml,bg_mutfak_cati_arasi,bg_mutfak_cati_arasi.png,Assets/Stories/saray_mutfagindan_muhre/Backgrounds/bg_mutfak_cati_arasi.png,B,smm_card_166_b,Sırrı iki tarafa sat,choice_smm_card_166_b,choice_smm_card_166_b.png,Assets/Stories/saray_mutfagindan_muhre/Choices/choice_smm_card_166_b.png,smm_card_168
smm_card_167,Saray Casusları: Sarayın Kulağı,CARDS_PART_07_SPY_NETWORK.yaml,bg_sessiz_kutuphane,bg_sessiz_kutuphane.png,Assets/Stories/saray_mutfagindan_muhre/Backgrounds/bg_sessiz_kutuphane.png,A,smm_card_167_a,Arşiv notunu mühürle koru,choice_smm_card_167_a,choice_smm_card_167_a.png,Assets/Stories/saray_mutfagindan_muhre/Choices/choice_smm_card_167_a.png,smm_card_168
smm_card_167,Saray Casusları: Sarayın Kulağı,CARDS_PART_07_SPY_NETWORK.yaml,bg_sessiz_kutuphane,bg_sessiz_kutuphane.png,Assets/Stories/saray_mutfagindan_muhre/Backgrounds/bg_sessiz_kutuphane.png,B,smm_card_167_b,Arşiv notunu değiştir,choice_smm_card_167_b,choice_smm_card_167_b.png,Assets/Stories/saray_mutfagindan_muhre/Choices/choice_smm_card_167_b.png,smm_card_169
smm_card_168,Saray Casusları: Yağ Halkası,CARDS_PART_07_SPY_NETWORK.yaml,bg_saray_camasirhanesi,bg_saray_camasirhanesi.png,Assets/Stories/saray_mutfagindan_muhre/Backgrounds/bg_saray_camasirhanesi.png,A,smm_card_168_a,Soytarının sözünü dikkatle tart,choice_smm_card_168_a,choice_smm_card_168_a.png,Assets/Stories/saray_mutfagindan_muhre/Choices/choice_smm_card_168_a.png,smm_card_169
smm_card_168,Saray Casusları: Yağ Halkası,CARDS_PART_07_SPY_NETWORK.yaml,bg_saray_camasirhanesi,bg_saray_camasirhanesi.png,Assets/Stories/saray_mutfagindan_muhre/Backgrounds/bg_saray_camasirhanesi.png,B,smm_card_168_b,Soytarıyı sahte habere sür,choice_smm_card_168_b,choice_smm_card_168_b.png,Assets/Stories/saray_mutfagindan_muhre/Choices/choice_smm_card_168_b.png,smm_card_170
smm_card_169,Saray Casusları: Ak Gaga'nın Yolu,CARDS_PART_07_SPY_NETWORK.yaml,bg_gizli_gecit_mumlu,bg_gizli_gecit_mumlu.png,Assets/Stories/saray_mutfagindan_muhre/Backgrounds/bg_gizli_gecit_mumlu.png,A,smm_card_169_a,Geçidi kimseye belli etme,choice_smm_card_169_a,choice_smm_card_169_a.png,Assets/Stories/saray_mutfagindan_muhre/Choices/choice_smm_card_169_a.png,smm_card_170
smm_card_169,Saray Casusları: Ak Gaga'nın Yolu,CARDS_PART_07_SPY_NETWORK.yaml,bg_gizli_gecit_mumlu,bg_gizli_gecit_mumlu.png,Assets/Stories/saray_mutfagindan_muhre/Backgrounds/bg_gizli_gecit_mumlu.png,B,smm_card_169_b,Geçide işaret kazı,choice_smm_card_169_b,choice_smm_card_169_b.png,Assets/Stories/saray_mutfagindan_muhre/Choices/choice_smm_card_169_b.png,smm_card_171
smm_card_170,Saray Casusları: Gümüş Kaşık,CARDS_PART_07_SPY_NETWORK.yaml,bg_eski_arsiv_odasi,bg_eski_arsiv_odasi.png,Assets/Stories/saray_mutfagindan_muhre/Backgrounds/bg_eski_arsiv_odasi.png,A,smm_card_170_a,Başvezire ölçülü bilgi ver,choice_smm_card_170_a,choice_smm_card_170_a.png,Assets/Stories/saray_mutfagindan_muhre/Choices/choice_smm_card_170_a.png,smm_card_171
smm_card_170,Saray Casusları: Gümüş Kaşık,CARDS_PART_07_SPY_NETWORK.yaml,bg_eski_arsiv_odasi,bg_eski_arsiv_odasi.png,Assets/Stories/saray_mutfagindan_muhre/Backgrounds/bg_eski_arsiv_odasi.png,B,smm_card_170_b,Başveziri korkuyla zorla,choice_smm_card_170_b,choice_smm_card_170_b.png,Assets/Stories/saray_mutfagindan_muhre/Choices/choice_smm_card_170_b.png,smm_card_173
smm_card_171,Saray Casusları: Kayıp Ölçü,CARDS_PART_07_SPY_NETWORK.yaml,bg_hizmetkar_koridoru,bg_hizmetkar_koridoru.png,Assets/Stories/saray_mutfagindan_muhre/Backgrounds/bg_hizmetkar_koridoru.png,A,smm_card_171_a,Sırrı Rasih'e eksiksiz götür,choice_smm_card_171_a,choice_smm_card_171_a.png,Assets/Stories/saray_mutfagindan_muhre/Choices/choice_smm_card_171_a.png,smm_card_172
smm_card_171,Saray Casusları: Kayıp Ölçü,CARDS_PART_07_SPY_NETWORK.yaml,bg_hizmetkar_koridoru,bg_hizmetkar_koridoru.png,Assets/Stories/saray_mutfagindan_muhre/Backgrounds/bg_hizmetkar_koridoru.png,B,smm_card_171_b,Sırrı iki tarafa sat,choice_smm_card_171_b,choice_smm_card_171_b.png,Assets/Stories/saray_mutfagindan_muhre/Choices/choice_smm_card_171_b.png,smm_card_173
smm_card_172,Saray Casusları: Kuyrukta Ekmek,CARDS_PART_07_SPY_NETWORK.yaml,bg_mutfak_cati_arasi,bg_mutfak_cati_arasi.png,Assets/Stories/saray_mutfagindan_muhre/Backgrounds/bg_mutfak_cati_arasi.png,A,smm_card_172_a,Arşiv notunu mühürle koru,choice_smm_card_172_a,choice_smm_card_172_a.png,Assets/Stories/saray_mutfagindan_muhre/Choices/choice_smm_card_172_a.png,smm_card_173
smm_card_172,Saray Casusları: Kuyrukta Ekmek,CARDS_PART_07_SPY_NETWORK.yaml,bg_mutfak_cati_arasi,bg_mutfak_cati_arasi.png,Assets/Stories/saray_mutfagindan_muhre/Backgrounds/bg_mutfak_cati_arasi.png,B,smm_card_172_b,Arşiv notunu değiştir,choice_smm_card_172_b,choice_smm_card_172_b.png,Assets/Stories/saray_mutfagindan_muhre/Choices/choice_smm_card_172_b.png,smm_card_174
smm_card_173,Saray Casusları: Keskin Koku,CARDS_PART_07_SPY_NETWORK.yaml,bg_sessiz_kutuphane,bg_sessiz_kutuphane.png,Assets/Stories/saray_mutfagindan_muhre/Backgrounds/bg_sessiz_kutuphane.png,A,smm_card_173_a,Soytarının sözünü dikkatle tart,choice_smm_card_173_a,choice_smm_card_173_a.png,Assets/Stories/saray_mutfagindan_muhre/Choices/choice_smm_card_173_a.png,smm_card_174
smm_card_173,Saray Casusları: Keskin Koku,CARDS_PART_07_SPY_NETWORK.yaml,bg_sessiz_kutuphane,bg_sessiz_kutuphane.png,Assets/Stories/saray_mutfagindan_muhre/Backgrounds/bg_sessiz_kutuphane.png,B,smm_card_173_b,Soytarıyı sahte habere sür,choice_smm_card_173_b,choice_smm_card_173_b.png,Assets/Stories/saray_mutfagindan_muhre/Choices/choice_smm_card_173_b.png,smm_card_175
smm_card_174,Saray Casusları: Mühre Giden İz,CARDS_PART_07_SPY_NETWORK.yaml,bg_saray_camasirhanesi,bg_saray_camasirhanesi.png,Assets/Stories/saray_mutfagindan_muhre/Backgrounds/bg_saray_camasirhanesi.png,A,smm_card_174_a,Geçidi kimseye belli etme,choice_smm_card_174_a,choice_smm_card_174_a.png,Assets/Stories/saray_mutfagindan_muhre/Choices/choice_smm_card_174_a.png,smm_card_175
smm_card_174,Saray Casusları: Mühre Giden İz,CARDS_PART_07_SPY_NETWORK.yaml,bg_saray_camasirhanesi,bg_saray_camasirhanesi.png,Assets/Stories/saray_mutfagindan_muhre/Backgrounds/bg_saray_camasirhanesi.png,B,smm_card_174_b,Geçide işaret kazı,choice_smm_card_174_b,choice_smm_card_174_b.png,Assets/Stories/saray_mutfagindan_muhre/Choices/choice_smm_card_174_b.png,smm_card_176
smm_card_175,Saray Casusları: Dar Boğaz,CARDS_PART_07_SPY_NETWORK.yaml,bg_gizli_gecit_mumlu,bg_gizli_gecit_mumlu.png,Assets/Stories/saray_mutfagindan_muhre/Backgrounds/bg_gizli_gecit_mumlu.png,A,smm_card_175_a,Başvezire ölçülü bilgi ver,choice_smm_card_175_a,choice_smm_card_175_a.png,Assets/Stories/saray_mutfagindan_muhre/Choices/choice_smm_card_175_a.png,smm_card_176
smm_card_175,Saray Casusları: Dar Boğaz,CARDS_PART_07_SPY_NETWORK.yaml,bg_gizli_gecit_mumlu,bg_gizli_gecit_mumlu.png,Assets/Stories/saray_mutfagindan_muhre/Backgrounds/bg_gizli_gecit_mumlu.png,B,smm_card_175_b,Başveziri korkuyla zorla,choice_smm_card_175_b,choice_smm_card_175_b.png,Assets/Stories/saray_mutfagindan_muhre/Choices/choice_smm_card_175_b.png,smm_card_178
smm_card_176,Ordu İaşesi: İlk Eşik,CARDS_PART_08_ARMY_SUPPLY.yaml,bg_ordu_iase_deposu,bg_ordu_iase_deposu.png,Assets/Stories/saray_mutfagindan_muhre/Backgrounds/bg_ordu_iase_deposu.png,A,smm_card_176_a,Tahılı deftere dürüstçe işle,choice_smm_card_176_a,choice_smm_card_176_a.png,Assets/Stories/saray_mutfagindan_muhre/Choices/choice_smm_card_176_a.png,smm_card_177
smm_card_176,Ordu İaşesi: İlk Eşik,CARDS_PART_08_ARMY_SUPPLY.yaml,bg_ordu_iase_deposu,bg_ordu_iase_deposu.png,Assets/Stories/saray_mutfagindan_muhre/Backgrounds/bg_ordu_iase_deposu.png,B,smm_card_176_b,Tahılı halka gizlice ayır,choice_smm_card_176_b,choice_smm_card_176_b.png,Assets/Stories/saray_mutfagindan_muhre/Choices/choice_smm_card_176_b.png,smm_card_178
smm_card_177,Ordu İaşesi: Sıcak Bakır,CARDS_PART_08_ARMY_SUPPLY.yaml,bg_kisla_kapisi,bg_kisla_kapisi.png,Assets/Stories/saray_mutfagindan_muhre/Backgrounds/bg_kisla_kapisi.png,A,smm_card_177_a,Asker payını eksiksiz gönder,choice_smm_card_177_a,choice_smm_card_177_a.png,Assets/Stories/saray_mutfagindan_muhre/Choices/choice_smm_card_177_a.png,smm_card_178
smm_card_177,Ordu İaşesi: Sıcak Bakır,CARDS_PART_08_ARMY_SUPPLY.yaml,bg_kisla_kapisi,bg_kisla_kapisi.png,Assets/Stories/saray_mutfagindan_muhre/Backgrounds/bg_kisla_kapisi.png,B,smm_card_177_b,Asker payını varise bağla,choice_smm_card_177_b,choice_smm_card_177_b.png,Assets/Stories/saray_mutfagindan_muhre/Choices/choice_smm_card_177_b.png,smm_card_179
smm_card_178,Ordu İaşesi: Sessiz Bakış,CARDS_PART_08_ARMY_SUPPLY.yaml,bg_tahil_kervani_yolu,bg_tahil_kervani_yolu.png,Assets/Stories/saray_mutfagindan_muhre/Backgrounds/bg_tahil_kervani_yolu.png,A,smm_card_178_a,Kervanı güvenli yoldan geçir,choice_smm_card_178_a,choice_smm_card_178_a.png,Assets/Stories/saray_mutfagindan_muhre/Choices/choice_smm_card_178_a.png,smm_card_179
smm_card_178,Ordu İaşesi: Sessiz Bakış,CARDS_PART_08_ARMY_SUPPLY.yaml,bg_tahil_kervani_yolu,bg_tahil_kervani_yolu.png,Assets/Stories/saray_mutfagindan_muhre/Backgrounds/bg_tahil_kervani_yolu.png,B,smm_card_178_b,Kervanı karaborsa yoluna kır,choice_smm_card_178_b,choice_smm_card_178_b.png,Assets/Stories/saray_mutfagindan_muhre/Choices/choice_smm_card_178_b.png,smm_card_180
smm_card_179,Ordu İaşesi: İnce Hesap,CARDS_PART_08_ARMY_SUPPLY.yaml,bg_liman_tahil_rihtimi,bg_liman_tahil_rihtimi.png,Assets/Stories/saray_mutfagindan_muhre/Backgrounds/bg_liman_tahil_rihtimi.png,A,smm_card_179_a,Turgut'un hesabını savun,choice_smm_card_179_a,choice_smm_card_179_a.png,Assets/Stories/saray_mutfagindan_muhre/Choices/choice_smm_card_179_a.png,smm_card_180
smm_card_179,Ordu İaşesi: İnce Hesap,CARDS_PART_08_ARMY_SUPPLY.yaml,bg_liman_tahil_rihtimi,bg_liman_tahil_rihtimi.png,Assets/Stories/saray_mutfagindan_muhre/Backgrounds/bg_liman_tahil_rihtimi.png,B,smm_card_179_b,Turgut'u borçla sustur,choice_smm_card_179_b,choice_smm_card_179_b.png,Assets/Stories/saray_mutfagindan_muhre/Choices/choice_smm_card_179_b.png,smm_card_181
smm_card_180,Ordu İaşesi: Gizli Lekeler,CARDS_PART_08_ARMY_SUPPLY.yaml,bg_yarali_asker_cadiri,bg_yarali_asker_cadiri.png,Assets/Stories/saray_mutfagindan_muhre/Backgrounds/bg_yarali_asker_cadiri.png,A,smm_card_180_a,Kıtlığı divana açık bildir,choice_smm_card_180_a,choice_smm_card_180_a.png,Assets/Stories/saray_mutfagindan_muhre/Choices/choice_smm_card_180_a.png,smm_card_181
smm_card_180,Ordu İaşesi: Gizli Lekeler,CARDS_PART_08_ARMY_SUPPLY.yaml,bg_yarali_asker_cadiri,bg_yarali_asker_cadiri.png,Assets/Stories/saray_mutfagindan_muhre/Backgrounds/bg_yarali_asker_cadiri.png,B,smm_card_180_b,Kıtlığı rakipten sakla,choice_smm_card_180_b,choice_smm_card_180_b.png,Assets/Stories/saray_mutfagindan_muhre/Choices/choice_smm_card_180_b.png,smm_card_183
smm_card_181,Ordu İaşesi: Kör Alev,CARDS_PART_08_ARMY_SUPPLY.yaml,bg_ordu_iase_deposu,bg_ordu_iase_deposu.png,Assets/Stories/saray_mutfagindan_muhre/Backgrounds/bg_ordu_iase_deposu.png,A,smm_card_181_a,Tahılı deftere dürüstçe işle,choice_smm_card_181_a,choice_smm_card_181_a.png,Assets/Stories/saray_mutfagindan_muhre/Choices/choice_smm_card_181_a.png,smm_card_182
smm_card_181,Ordu İaşesi: Kör Alev,CARDS_PART_08_ARMY_SUPPLY.yaml,bg_ordu_iase_deposu,bg_ordu_iase_deposu.png,Assets/Stories/saray_mutfagindan_muhre/Backgrounds/bg_ordu_iase_deposu.png,B,smm_card_181_b,Tahılı halka gizlice ayır,choice_smm_card_181_b,choice_smm_card_181_b.png,Assets/Stories/saray_mutfagindan_muhre/Choices/choice_smm_card_181_b.png,smm_card_183
smm_card_182,Ordu İaşesi: Üç Nohut,CARDS_PART_08_ARMY_SUPPLY.yaml,bg_kisla_kapisi,bg_kisla_kapisi.png,Assets/Stories/saray_mutfagindan_muhre/Backgrounds/bg_kisla_kapisi.png,A,smm_card_182_a,Asker payını eksiksiz gönder,choice_smm_card_182_a,choice_smm_card_182_a.png,Assets/Stories/saray_mutfagindan_muhre/Choices/choice_smm_card_182_a.png,smm_card_183
smm_card_182,Ordu İaşesi: Üç Nohut,CARDS_PART_08_ARMY_SUPPLY.yaml,bg_kisla_kapisi,bg_kisla_kapisi.png,Assets/Stories/saray_mutfagindan_muhre/Backgrounds/bg_kisla_kapisi.png,B,smm_card_182_b,Asker payını varise bağla,choice_smm_card_182_b,choice_smm_card_182_b.png,Assets/Stories/saray_mutfagindan_muhre/Choices/choice_smm_card_182_b.png,smm_card_184
smm_card_183,Ordu İaşesi: Kapıdaki Fısıltı,CARDS_PART_08_ARMY_SUPPLY.yaml,bg_tahil_kervani_yolu,bg_tahil_kervani_yolu.png,Assets/Stories/saray_mutfagindan_muhre/Backgrounds/bg_tahil_kervani_yolu.png,A,smm_card_183_a,Kervanı güvenli yoldan geçir,choice_smm_card_183_a,choice_smm_card_183_a.png,Assets/Stories/saray_mutfagindan_muhre/Choices/choice_smm_card_183_a.png,smm_card_184
smm_card_183,Ordu İaşesi: Kapıdaki Fısıltı,CARDS_PART_08_ARMY_SUPPLY.yaml,bg_tahil_kervani_yolu,bg_tahil_kervani_yolu.png,Assets/Stories/saray_mutfagindan_muhre/Backgrounds/bg_tahil_kervani_yolu.png,B,smm_card_183_b,Kervanı karaborsa yoluna kır,choice_smm_card_183_b,choice_smm_card_183_b.png,Assets/Stories/saray_mutfagindan_muhre/Choices/choice_smm_card_183_b.png,smm_card_185
smm_card_184,Ordu İaşesi: Aç Karnın Sözü,CARDS_PART_08_ARMY_SUPPLY.yaml,bg_liman_tahil_rihtimi,bg_liman_tahil_rihtimi.png,Assets/Stories/saray_mutfagindan_muhre/Backgrounds/bg_liman_tahil_rihtimi.png,A,smm_card_184_a,Turgut'un hesabını savun,choice_smm_card_184_a,choice_smm_card_184_a.png,Assets/Stories/saray_mutfagindan_muhre/Choices/choice_smm_card_184_a.png,smm_card_185
smm_card_184,Ordu İaşesi: Aç Karnın Sözü,CARDS_PART_08_ARMY_SUPPLY.yaml,bg_liman_tahil_rihtimi,bg_liman_tahil_rihtimi.png,Assets/Stories/saray_mutfagindan_muhre/Backgrounds/bg_liman_tahil_rihtimi.png,B,smm_card_184_b,Turgut'u borçla sustur,choice_smm_card_184_b,choice_smm_card_184_b.png,Assets/Stories/saray_mutfagindan_muhre/Choices/choice_smm_card_184_b.png,smm_card_186
smm_card_185,Ordu İaşesi: Ustanın Sınavı,CARDS_PART_08_ARMY_SUPPLY.yaml,bg_yarali_asker_cadiri,bg_yarali_asker_cadiri.png,Assets/Stories/saray_mutfagindan_muhre/Backgrounds/bg_yarali_asker_cadiri.png,A,smm_card_185_a,Kıtlığı divana açık bildir,choice_smm_card_185_a,choice_smm_card_185_a.png,Assets/Stories/saray_mutfagindan_muhre/Choices/choice_smm_card_185_a.png,smm_card_186
smm_card_185,Ordu İaşesi: Ustanın Sınavı,CARDS_PART_08_ARMY_SUPPLY.yaml,bg_yarali_asker_cadiri,bg_yarali_asker_cadiri.png,Assets/Stories/saray_mutfagindan_muhre/Backgrounds/bg_yarali_asker_cadiri.png,B,smm_card_185_b,Kıtlığı rakipten sakla,choice_smm_card_185_b,choice_smm_card_185_b.png,Assets/Stories/saray_mutfagindan_muhre/Choices/choice_smm_card_185_b.png,smm_card_188
smm_card_186,Ordu İaşesi: Kazanın Gölgesi,CARDS_PART_08_ARMY_SUPPLY.yaml,bg_ordu_iase_deposu,bg_ordu_iase_deposu.png,Assets/Stories/saray_mutfagindan_muhre/Backgrounds/bg_ordu_iase_deposu.png,A,smm_card_186_a,Tahılı deftere dürüstçe işle,choice_smm_card_186_a,choice_smm_card_186_a.png,Assets/Stories/saray_mutfagindan_muhre/Choices/choice_smm_card_186_a.png,smm_card_187
smm_card_186,Ordu İaşesi: Kazanın Gölgesi,CARDS_PART_08_ARMY_SUPPLY.yaml,bg_ordu_iase_deposu,bg_ordu_iase_deposu.png,Assets/Stories/saray_mutfagindan_muhre/Backgrounds/bg_ordu_iase_deposu.png,B,smm_card_186_b,Tahılı halka gizlice ayır,choice_smm_card_186_b,choice_smm_card_186_b.png,Assets/Stories/saray_mutfagindan_muhre/Choices/choice_smm_card_186_b.png,smm_card_188
smm_card_187,Ordu İaşesi: Tuz ve Yemin,CARDS_PART_08_ARMY_SUPPLY.yaml,bg_kisla_kapisi,bg_kisla_kapisi.png,Assets/Stories/saray_mutfagindan_muhre/Backgrounds/bg_kisla_kapisi.png,A,smm_card_187_a,Asker payını eksiksiz gönder,choice_smm_card_187_a,choice_smm_card_187_a.png,Assets/Stories/saray_mutfagindan_muhre/Choices/choice_smm_card_187_a.png,smm_card_188
smm_card_187,Ordu İaşesi: Tuz ve Yemin,CARDS_PART_08_ARMY_SUPPLY.yaml,bg_kisla_kapisi,bg_kisla_kapisi.png,Assets/Stories/saray_mutfagindan_muhre/Backgrounds/bg_kisla_kapisi.png,B,smm_card_187_b,Asker payını varise bağla,choice_smm_card_187_b,choice_smm_card_187_b.png,Assets/Stories/saray_mutfagindan_muhre/Choices/choice_smm_card_187_b.png,smm_card_189
smm_card_188,Ordu İaşesi: Kırık Tabak,CARDS_PART_08_ARMY_SUPPLY.yaml,bg_tahil_kervani_yolu,bg_tahil_kervani_yolu.png,Assets/Stories/saray_mutfagindan_muhre/Backgrounds/bg_tahil_kervani_yolu.png,A,smm_card_188_a,Kervanı güvenli yoldan geçir,choice_smm_card_188_a,choice_smm_card_188_a.png,Assets/Stories/saray_mutfagindan_muhre/Choices/choice_smm_card_188_a.png,smm_card_189
smm_card_188,Ordu İaşesi: Kırık Tabak,CARDS_PART_08_ARMY_SUPPLY.yaml,bg_tahil_kervani_yolu,bg_tahil_kervani_yolu.png,Assets/Stories/saray_mutfagindan_muhre/Backgrounds/bg_tahil_kervani_yolu.png,B,smm_card_188_b,Kervanı karaborsa yoluna kır,choice_smm_card_188_b,choice_smm_card_188_b.png,Assets/Stories/saray_mutfagindan_muhre/Choices/choice_smm_card_188_b.png,smm_card_190
smm_card_189,Ordu İaşesi: Mum Işığı,CARDS_PART_08_ARMY_SUPPLY.yaml,bg_liman_tahil_rihtimi,bg_liman_tahil_rihtimi.png,Assets/Stories/saray_mutfagindan_muhre/Backgrounds/bg_liman_tahil_rihtimi.png,A,smm_card_189_a,Turgut'un hesabını savun,choice_smm_card_189_a,choice_smm_card_189_a.png,Assets/Stories/saray_mutfagindan_muhre/Choices/choice_smm_card_189_a.png,smm_card_190
smm_card_189,Ordu İaşesi: Mum Işığı,CARDS_PART_08_ARMY_SUPPLY.yaml,bg_liman_tahil_rihtimi,bg_liman_tahil_rihtimi.png,Assets/Stories/saray_mutfagindan_muhre/Backgrounds/bg_liman_tahil_rihtimi.png,B,smm_card_189_b,Turgut'u borçla sustur,choice_smm_card_189_b,choice_smm_card_189_b.png,Assets/Stories/saray_mutfagindan_muhre/Choices/choice_smm_card_189_b.png,smm_card_191
smm_card_190,Ordu İaşesi: Gece Nöbeti,CARDS_PART_08_ARMY_SUPPLY.yaml,bg_yarali_asker_cadiri,bg_yarali_asker_cadiri.png,Assets/Stories/saray_mutfagindan_muhre/Backgrounds/bg_yarali_asker_cadiri.png,A,smm_card_190_a,Kıtlığı divana açık bildir,choice_smm_card_190_a,choice_smm_card_190_a.png,Assets/Stories/saray_mutfagindan_muhre/Choices/choice_smm_card_190_a.png,smm_card_191
smm_card_190,Ordu İaşesi: Gece Nöbeti,CARDS_PART_08_ARMY_SUPPLY.yaml,bg_yarali_asker_cadiri,bg_yarali_asker_cadiri.png,Assets/Stories/saray_mutfagindan_muhre/Backgrounds/bg_yarali_asker_cadiri.png,B,smm_card_190_b,Kıtlığı rakipten sakla,choice_smm_card_190_b,choice_smm_card_190_b.png,Assets/Stories/saray_mutfagindan_muhre/Choices/choice_smm_card_190_b.png,smm_card_193
smm_card_191,Ordu İaşesi: Kilitli Raf,CARDS_PART_08_ARMY_SUPPLY.yaml,bg_ordu_iase_deposu,bg_ordu_iase_deposu.png,Assets/Stories/saray_mutfagindan_muhre/Backgrounds/bg_ordu_iase_deposu.png,A,smm_card_191_a,Tahılı deftere dürüstçe işle,choice_smm_card_191_a,choice_smm_card_191_a.png,Assets/Stories/saray_mutfagindan_muhre/Choices/choice_smm_card_191_a.png,smm_card_192
smm_card_191,Ordu İaşesi: Kilitli Raf,CARDS_PART_08_ARMY_SUPPLY.yaml,bg_ordu_iase_deposu,bg_ordu_iase_deposu.png,Assets/Stories/saray_mutfagindan_muhre/Backgrounds/bg_ordu_iase_deposu.png,B,smm_card_191_b,Tahılı halka gizlice ayır,choice_smm_card_191_b,choice_smm_card_191_b.png,Assets/Stories/saray_mutfagindan_muhre/Choices/choice_smm_card_191_b.png,smm_card_193
smm_card_192,Ordu İaşesi: Sarayın Kulağı,CARDS_PART_08_ARMY_SUPPLY.yaml,bg_kisla_kapisi,bg_kisla_kapisi.png,Assets/Stories/saray_mutfagindan_muhre/Backgrounds/bg_kisla_kapisi.png,A,smm_card_192_a,Asker payını eksiksiz gönder,choice_smm_card_192_a,choice_smm_card_192_a.png,Assets/Stories/saray_mutfagindan_muhre/Choices/choice_smm_card_192_a.png,smm_card_193
smm_card_192,Ordu İaşesi: Sarayın Kulağı,CARDS_PART_08_ARMY_SUPPLY.yaml,bg_kisla_kapisi,bg_kisla_kapisi.png,Assets/Stories/saray_mutfagindan_muhre/Backgrounds/bg_kisla_kapisi.png,B,smm_card_192_b,Asker payını varise bağla,choice_smm_card_192_b,choice_smm_card_192_b.png,Assets/Stories/saray_mutfagindan_muhre/Choices/choice_smm_card_192_b.png,smm_card_194
smm_card_193,Ordu İaşesi: Yağ Halkası,CARDS_PART_08_ARMY_SUPPLY.yaml,bg_tahil_kervani_yolu,bg_tahil_kervani_yolu.png,Assets/Stories/saray_mutfagindan_muhre/Backgrounds/bg_tahil_kervani_yolu.png,A,smm_card_193_a,Kervanı güvenli yoldan geçir,choice_smm_card_193_a,choice_smm_card_193_a.png,Assets/Stories/saray_mutfagindan_muhre/Choices/choice_smm_card_193_a.png,smm_card_194
smm_card_193,Ordu İaşesi: Yağ Halkası,CARDS_PART_08_ARMY_SUPPLY.yaml,bg_tahil_kervani_yolu,bg_tahil_kervani_yolu.png,Assets/Stories/saray_mutfagindan_muhre/Backgrounds/bg_tahil_kervani_yolu.png,B,smm_card_193_b,Kervanı karaborsa yoluna kır,choice_smm_card_193_b,choice_smm_card_193_b.png,Assets/Stories/saray_mutfagindan_muhre/Choices/choice_smm_card_193_b.png,smm_card_195
smm_card_194,Ordu İaşesi: Ak Gaga'nın Yolu,CARDS_PART_08_ARMY_SUPPLY.yaml,bg_liman_tahil_rihtimi,bg_liman_tahil_rihtimi.png,Assets/Stories/saray_mutfagindan_muhre/Backgrounds/bg_liman_tahil_rihtimi.png,A,smm_card_194_a,Turgut'un hesabını savun,choice_smm_card_194_a,choice_smm_card_194_a.png,Assets/Stories/saray_mutfagindan_muhre/Choices/choice_smm_card_194_a.png,smm_card_195
smm_card_194,Ordu İaşesi: Ak Gaga'nın Yolu,CARDS_PART_08_ARMY_SUPPLY.yaml,bg_liman_tahil_rihtimi,bg_liman_tahil_rihtimi.png,Assets/Stories/saray_mutfagindan_muhre/Backgrounds/bg_liman_tahil_rihtimi.png,B,smm_card_194_b,Turgut'u borçla sustur,choice_smm_card_194_b,choice_smm_card_194_b.png,Assets/Stories/saray_mutfagindan_muhre/Choices/choice_smm_card_194_b.png,smm_card_196
smm_card_195,Ordu İaşesi: Gümüş Kaşık,CARDS_PART_08_ARMY_SUPPLY.yaml,bg_yarali_asker_cadiri,bg_yarali_asker_cadiri.png,Assets/Stories/saray_mutfagindan_muhre/Backgrounds/bg_yarali_asker_cadiri.png,A,smm_card_195_a,Kıtlığı divana açık bildir,choice_smm_card_195_a,choice_smm_card_195_a.png,Assets/Stories/saray_mutfagindan_muhre/Choices/choice_smm_card_195_a.png,smm_card_196
smm_card_195,Ordu İaşesi: Gümüş Kaşık,CARDS_PART_08_ARMY_SUPPLY.yaml,bg_yarali_asker_cadiri,bg_yarali_asker_cadiri.png,Assets/Stories/saray_mutfagindan_muhre/Backgrounds/bg_yarali_asker_cadiri.png,B,smm_card_195_b,Kıtlığı rakipten sakla,choice_smm_card_195_b,choice_smm_card_195_b.png,Assets/Stories/saray_mutfagindan_muhre/Choices/choice_smm_card_195_b.png,smm_card_198
smm_card_196,Ordu İaşesi: Kayıp Ölçü,CARDS_PART_08_ARMY_SUPPLY.yaml,bg_ordu_iase_deposu,bg_ordu_iase_deposu.png,Assets/Stories/saray_mutfagindan_muhre/Backgrounds/bg_ordu_iase_deposu.png,A,smm_card_196_a,Tahılı deftere dürüstçe işle,choice_smm_card_196_a,choice_smm_card_196_a.png,Assets/Stories/saray_mutfagindan_muhre/Choices/choice_smm_card_196_a.png,smm_card_197
smm_card_196,Ordu İaşesi: Kayıp Ölçü,CARDS_PART_08_ARMY_SUPPLY.yaml,bg_ordu_iase_deposu,bg_ordu_iase_deposu.png,Assets/Stories/saray_mutfagindan_muhre/Backgrounds/bg_ordu_iase_deposu.png,B,smm_card_196_b,Tahılı halka gizlice ayır,choice_smm_card_196_b,choice_smm_card_196_b.png,Assets/Stories/saray_mutfagindan_muhre/Choices/choice_smm_card_196_b.png,smm_card_198
smm_card_197,Ordu İaşesi: Kuyrukta Ekmek,CARDS_PART_08_ARMY_SUPPLY.yaml,bg_kisla_kapisi,bg_kisla_kapisi.png,Assets/Stories/saray_mutfagindan_muhre/Backgrounds/bg_kisla_kapisi.png,A,smm_card_197_a,Asker payını eksiksiz gönder,choice_smm_card_197_a,choice_smm_card_197_a.png,Assets/Stories/saray_mutfagindan_muhre/Choices/choice_smm_card_197_a.png,smm_card_198
smm_card_197,Ordu İaşesi: Kuyrukta Ekmek,CARDS_PART_08_ARMY_SUPPLY.yaml,bg_kisla_kapisi,bg_kisla_kapisi.png,Assets/Stories/saray_mutfagindan_muhre/Backgrounds/bg_kisla_kapisi.png,B,smm_card_197_b,Asker payını varise bağla,choice_smm_card_197_b,choice_smm_card_197_b.png,Assets/Stories/saray_mutfagindan_muhre/Choices/choice_smm_card_197_b.png,smm_card_199
smm_card_198,Ordu İaşesi: Keskin Koku,CARDS_PART_08_ARMY_SUPPLY.yaml,bg_tahil_kervani_yolu,bg_tahil_kervani_yolu.png,Assets/Stories/saray_mutfagindan_muhre/Backgrounds/bg_tahil_kervani_yolu.png,A,smm_card_198_a,Kervanı güvenli yoldan geçir,choice_smm_card_198_a,choice_smm_card_198_a.png,Assets/Stories/saray_mutfagindan_muhre/Choices/choice_smm_card_198_a.png,smm_card_199
smm_card_198,Ordu İaşesi: Keskin Koku,CARDS_PART_08_ARMY_SUPPLY.yaml,bg_tahil_kervani_yolu,bg_tahil_kervani_yolu.png,Assets/Stories/saray_mutfagindan_muhre/Backgrounds/bg_tahil_kervani_yolu.png,B,smm_card_198_b,Kervanı karaborsa yoluna kır,choice_smm_card_198_b,choice_smm_card_198_b.png,Assets/Stories/saray_mutfagindan_muhre/Choices/choice_smm_card_198_b.png,smm_card_200
smm_card_199,Ordu İaşesi: Mühre Giden İz,CARDS_PART_08_ARMY_SUPPLY.yaml,bg_liman_tahil_rihtimi,bg_liman_tahil_rihtimi.png,Assets/Stories/saray_mutfagindan_muhre/Backgrounds/bg_liman_tahil_rihtimi.png,A,smm_card_199_a,Turgut'un hesabını savun,choice_smm_card_199_a,choice_smm_card_199_a.png,Assets/Stories/saray_mutfagindan_muhre/Choices/choice_smm_card_199_a.png,smm_card_200
smm_card_199,Ordu İaşesi: Mühre Giden İz,CARDS_PART_08_ARMY_SUPPLY.yaml,bg_liman_tahil_rihtimi,bg_liman_tahil_rihtimi.png,Assets/Stories/saray_mutfagindan_muhre/Backgrounds/bg_liman_tahil_rihtimi.png,B,smm_card_199_b,Turgut'u borçla sustur,choice_smm_card_199_b,choice_smm_card_199_b.png,Assets/Stories/saray_mutfagindan_muhre/Choices/choice_smm_card_199_b.png,smm_card_201
smm_card_200,Ordu İaşesi: Dar Boğaz,CARDS_PART_08_ARMY_SUPPLY.yaml,bg_yarali_asker_cadiri,bg_yarali_asker_cadiri.png,Assets/Stories/saray_mutfagindan_muhre/Backgrounds/bg_yarali_asker_cadiri.png,A,smm_card_200_a,Kıtlığı divana açık bildir,choice_smm_card_200_a,choice_smm_card_200_a.png,Assets/Stories/saray_mutfagindan_muhre/Choices/choice_smm_card_200_a.png,smm_card_201
smm_card_200,Ordu İaşesi: Dar Boğaz,CARDS_PART_08_ARMY_SUPPLY.yaml,bg_yarali_asker_cadiri,bg_yarali_asker_cadiri.png,Assets/Stories/saray_mutfagindan_muhre/Backgrounds/bg_yarali_asker_cadiri.png,B,smm_card_200_b,Kıtlığı rakipten sakla,choice_smm_card_200_b,choice_smm_card_200_b.png,Assets/Stories/saray_mutfagindan_muhre/Choices/choice_smm_card_200_b.png,smm_card_203
smm_card_201,Sır Pazarı: İlk Eşik,CARDS_PART_09_BLACK_MARKET.yaml,bg_arka_sokak_karaborsa,bg_arka_sokak_karaborsa.png,Assets/Stories/saray_mutfagindan_muhre/Backgrounds/bg_arka_sokak_karaborsa.png,A,smm_card_201_a,Borcu küçük sırla kapat,choice_smm_card_201_a,choice_smm_card_201_a.png,Assets/Stories/saray_mutfagindan_muhre/Choices/choice_smm_card_201_a.png,smm_card_202
smm_card_201,Sır Pazarı: İlk Eşik,CARDS_PART_09_BLACK_MARKET.yaml,bg_arka_sokak_karaborsa,bg_arka_sokak_karaborsa.png,Assets/Stories/saray_mutfagindan_muhre/Backgrounds/bg_arka_sokak_karaborsa.png,B,smm_card_201_b,Sırrı yüksek bedelle sat,choice_smm_card_201_b,choice_smm_card_201_b.png,Assets/Stories/saray_mutfagindan_muhre/Choices/choice_smm_card_201_b.png,smm_card_203
smm_card_202,Sır Pazarı: Sıcak Bakır,CARDS_PART_09_BLACK_MARKET.yaml,bg_sehir_pazari,bg_sehir_pazari.png,Assets/Stories/saray_mutfagindan_muhre/Backgrounds/bg_sehir_pazari.png,A,smm_card_202_a,Sahte mührü reddet,choice_smm_card_202_a,choice_smm_card_202_a.png,Assets/Stories/saray_mutfagindan_muhre/Choices/choice_smm_card_202_a.png,smm_card_203
smm_card_202,Sır Pazarı: Sıcak Bakır,CARDS_PART_09_BLACK_MARKET.yaml,bg_sehir_pazari,bg_sehir_pazari.png,Assets/Stories/saray_mutfagindan_muhre/Backgrounds/bg_sehir_pazari.png,B,smm_card_202_b,Sahte mühür kalıbı al,choice_smm_card_202_b,choice_smm_card_202_b.png,Assets/Stories/saray_mutfagindan_muhre/Choices/choice_smm_card_202_b.png,smm_card_204
smm_card_203,Sır Pazarı: Sessiz Bakış,CARDS_PART_09_BLACK_MARKET.yaml,bg_gizli_muhur_atolyesi,bg_gizli_muhur_atolyesi.png,Assets/Stories/saray_mutfagindan_muhre/Backgrounds/bg_gizli_muhur_atolyesi.png,A,smm_card_203_a,Yusuf'un defterini ezberle,choice_smm_card_203_a,choice_smm_card_203_a.png,Assets/Stories/saray_mutfagindan_muhre/Choices/choice_smm_card_203_a.png,smm_card_204
smm_card_203,Sır Pazarı: Sessiz Bakış,CARDS_PART_09_BLACK_MARKET.yaml,bg_gizli_muhur_atolyesi,bg_gizli_muhur_atolyesi.png,Assets/Stories/saray_mutfagindan_muhre/Backgrounds/bg_gizli_muhur_atolyesi.png,B,smm_card_203_b,Yusuf'a yeni borç yazdır,choice_smm_card_203_b,choice_smm_card_203_b.png,Assets/Stories/saray_mutfagindan_muhre/Choices/choice_smm_card_203_b.png,smm_card_205
smm_card_204,Sır Pazarı: İnce Hesap,CARDS_PART_09_BLACK_MARKET.yaml,bg_bakircilar_carsisi,bg_bakircilar_carsisi.png,Assets/Stories/saray_mutfagindan_muhre/Backgrounds/bg_bakircilar_carsisi.png,A,smm_card_204_a,Anahtarı sahibine geri götür,choice_smm_card_204_a,choice_smm_card_204_a.png,Assets/Stories/saray_mutfagindan_muhre/Choices/choice_smm_card_204_a.png,smm_card_205
smm_card_204,Sır Pazarı: İnce Hesap,CARDS_PART_09_BLACK_MARKET.yaml,bg_bakircilar_carsisi,bg_bakircilar_carsisi.png,Assets/Stories/saray_mutfagindan_muhre/Backgrounds/bg_bakircilar_carsisi.png,B,smm_card_204_b,Anahtarı gece pazarlık et,choice_smm_card_204_b,choice_smm_card_204_b.png,Assets/Stories/saray_mutfagindan_muhre/Choices/choice_smm_card_204_b.png,smm_card_206
smm_card_205,Sır Pazarı: Gizli Lekeler,CARDS_PART_09_BLACK_MARKET.yaml,bg_kiler_gizli_raflar,bg_kiler_gizli_raflar.png,Assets/Stories/saray_mutfagindan_muhre/Backgrounds/bg_kiler_gizli_raflar.png,A,smm_card_205_a,Söylentiyi Rasih'e bildir,choice_smm_card_205_a,choice_smm_card_205_a.png,Assets/Stories/saray_mutfagindan_muhre/Choices/choice_smm_card_205_a.png,smm_card_206
smm_card_205,Sır Pazarı: Gizli Lekeler,CARDS_PART_09_BLACK_MARKET.yaml,bg_kiler_gizli_raflar,bg_kiler_gizli_raflar.png,Assets/Stories/saray_mutfagindan_muhre/Backgrounds/bg_kiler_gizli_raflar.png,B,smm_card_205_b,Söylentiyi varise taşı,choice_smm_card_205_b,choice_smm_card_205_b.png,Assets/Stories/saray_mutfagindan_muhre/Choices/choice_smm_card_205_b.png,smm_card_208
smm_card_206,Sır Pazarı: Kör Alev,CARDS_PART_09_BLACK_MARKET.yaml,bg_arka_sokak_karaborsa,bg_arka_sokak_karaborsa.png,Assets/Stories/saray_mutfagindan_muhre/Backgrounds/bg_arka_sokak_karaborsa.png,A,smm_card_206_a,Borcu küçük sırla kapat,choice_smm_card_206_a,choice_smm_card_206_a.png,Assets/Stories/saray_mutfagindan_muhre/Choices/choice_smm_card_206_a.png,smm_card_207
smm_card_206,Sır Pazarı: Kör Alev,CARDS_PART_09_BLACK_MARKET.yaml,bg_arka_sokak_karaborsa,bg_arka_sokak_karaborsa.png,Assets/Stories/saray_mutfagindan_muhre/Backgrounds/bg_arka_sokak_karaborsa.png,B,smm_card_206_b,Sırrı yüksek bedelle sat,choice_smm_card_206_b,choice_smm_card_206_b.png,Assets/Stories/saray_mutfagindan_muhre/Choices/choice_smm_card_206_b.png,smm_card_208
smm_card_207,Sır Pazarı: Üç Nohut,CARDS_PART_09_BLACK_MARKET.yaml,bg_sehir_pazari,bg_sehir_pazari.png,Assets/Stories/saray_mutfagindan_muhre/Backgrounds/bg_sehir_pazari.png,A,smm_card_207_a,Sahte mührü reddet,choice_smm_card_207_a,choice_smm_card_207_a.png,Assets/Stories/saray_mutfagindan_muhre/Choices/choice_smm_card_207_a.png,smm_card_208
smm_card_207,Sır Pazarı: Üç Nohut,CARDS_PART_09_BLACK_MARKET.yaml,bg_sehir_pazari,bg_sehir_pazari.png,Assets/Stories/saray_mutfagindan_muhre/Backgrounds/bg_sehir_pazari.png,B,smm_card_207_b,Sahte mühür kalıbı al,choice_smm_card_207_b,choice_smm_card_207_b.png,Assets/Stories/saray_mutfagindan_muhre/Choices/choice_smm_card_207_b.png,smm_card_209
smm_card_208,Sır Pazarı: Kapıdaki Fısıltı,CARDS_PART_09_BLACK_MARKET.yaml,bg_gizli_muhur_atolyesi,bg_gizli_muhur_atolyesi.png,Assets/Stories/saray_mutfagindan_muhre/Backgrounds/bg_gizli_muhur_atolyesi.png,A,smm_card_208_a,Yusuf'un defterini ezberle,choice_smm_card_208_a,choice_smm_card_208_a.png,Assets/Stories/saray_mutfagindan_muhre/Choices/choice_smm_card_208_a.png,smm_card_209
smm_card_208,Sır Pazarı: Kapıdaki Fısıltı,CARDS_PART_09_BLACK_MARKET.yaml,bg_gizli_muhur_atolyesi,bg_gizli_muhur_atolyesi.png,Assets/Stories/saray_mutfagindan_muhre/Backgrounds/bg_gizli_muhur_atolyesi.png,B,smm_card_208_b,Yusuf'a yeni borç yazdır,choice_smm_card_208_b,choice_smm_card_208_b.png,Assets/Stories/saray_mutfagindan_muhre/Choices/choice_smm_card_208_b.png,smm_card_210
smm_card_209,Sır Pazarı: Aç Karnın Sözü,CARDS_PART_09_BLACK_MARKET.yaml,bg_bakircilar_carsisi,bg_bakircilar_carsisi.png,Assets/Stories/saray_mutfagindan_muhre/Backgrounds/bg_bakircilar_carsisi.png,A,smm_card_209_a,Anahtarı sahibine geri götür,choice_smm_card_209_a,choice_smm_card_209_a.png,Assets/Stories/saray_mutfagindan_muhre/Choices/choice_smm_card_209_a.png,smm_card_210
smm_card_209,Sır Pazarı: Aç Karnın Sözü,CARDS_PART_09_BLACK_MARKET.yaml,bg_bakircilar_carsisi,bg_bakircilar_carsisi.png,Assets/Stories/saray_mutfagindan_muhre/Backgrounds/bg_bakircilar_carsisi.png,B,smm_card_209_b,Anahtarı gece pazarlık et,choice_smm_card_209_b,choice_smm_card_209_b.png,Assets/Stories/saray_mutfagindan_muhre/Choices/choice_smm_card_209_b.png,smm_card_211
smm_card_210,Sır Pazarı: Ustanın Sınavı,CARDS_PART_09_BLACK_MARKET.yaml,bg_kiler_gizli_raflar,bg_kiler_gizli_raflar.png,Assets/Stories/saray_mutfagindan_muhre/Backgrounds/bg_kiler_gizli_raflar.png,A,smm_card_210_a,Söylentiyi Rasih'e bildir,choice_smm_card_210_a,choice_smm_card_210_a.png,Assets/Stories/saray_mutfagindan_muhre/Choices/choice_smm_card_210_a.png,smm_card_211
smm_card_210,Sır Pazarı: Ustanın Sınavı,CARDS_PART_09_BLACK_MARKET.yaml,bg_kiler_gizli_raflar,bg_kiler_gizli_raflar.png,Assets/Stories/saray_mutfagindan_muhre/Backgrounds/bg_kiler_gizli_raflar.png,B,smm_card_210_b,Söylentiyi varise taşı,choice_smm_card_210_b,choice_smm_card_210_b.png,Assets/Stories/saray_mutfagindan_muhre/Choices/choice_smm_card_210_b.png,smm_card_213
smm_card_211,Sır Pazarı: Kazanın Gölgesi,CARDS_PART_09_BLACK_MARKET.yaml,bg_arka_sokak_karaborsa,bg_arka_sokak_karaborsa.png,Assets/Stories/saray_mutfagindan_muhre/Backgrounds/bg_arka_sokak_karaborsa.png,A,smm_card_211_a,Borcu küçük sırla kapat,choice_smm_card_211_a,choice_smm_card_211_a.png,Assets/Stories/saray_mutfagindan_muhre/Choices/choice_smm_card_211_a.png,smm_card_212
smm_card_211,Sır Pazarı: Kazanın Gölgesi,CARDS_PART_09_BLACK_MARKET.yaml,bg_arka_sokak_karaborsa,bg_arka_sokak_karaborsa.png,Assets/Stories/saray_mutfagindan_muhre/Backgrounds/bg_arka_sokak_karaborsa.png,B,smm_card_211_b,Sırrı yüksek bedelle sat,choice_smm_card_211_b,choice_smm_card_211_b.png,Assets/Stories/saray_mutfagindan_muhre/Choices/choice_smm_card_211_b.png,smm_card_213
smm_card_212,Sır Pazarı: Tuz ve Yemin,CARDS_PART_09_BLACK_MARKET.yaml,bg_sehir_pazari,bg_sehir_pazari.png,Assets/Stories/saray_mutfagindan_muhre/Backgrounds/bg_sehir_pazari.png,A,smm_card_212_a,Sahte mührü reddet,choice_smm_card_212_a,choice_smm_card_212_a.png,Assets/Stories/saray_mutfagindan_muhre/Choices/choice_smm_card_212_a.png,smm_card_213
smm_card_212,Sır Pazarı: Tuz ve Yemin,CARDS_PART_09_BLACK_MARKET.yaml,bg_sehir_pazari,bg_sehir_pazari.png,Assets/Stories/saray_mutfagindan_muhre/Backgrounds/bg_sehir_pazari.png,B,smm_card_212_b,Sahte mühür kalıbı al,choice_smm_card_212_b,choice_smm_card_212_b.png,Assets/Stories/saray_mutfagindan_muhre/Choices/choice_smm_card_212_b.png,smm_card_214
smm_card_213,Sır Pazarı: Kırık Tabak,CARDS_PART_09_BLACK_MARKET.yaml,bg_gizli_muhur_atolyesi,bg_gizli_muhur_atolyesi.png,Assets/Stories/saray_mutfagindan_muhre/Backgrounds/bg_gizli_muhur_atolyesi.png,A,smm_card_213_a,Yusuf'un defterini ezberle,choice_smm_card_213_a,choice_smm_card_213_a.png,Assets/Stories/saray_mutfagindan_muhre/Choices/choice_smm_card_213_a.png,smm_card_214
smm_card_213,Sır Pazarı: Kırık Tabak,CARDS_PART_09_BLACK_MARKET.yaml,bg_gizli_muhur_atolyesi,bg_gizli_muhur_atolyesi.png,Assets/Stories/saray_mutfagindan_muhre/Backgrounds/bg_gizli_muhur_atolyesi.png,B,smm_card_213_b,Yusuf'a yeni borç yazdır,choice_smm_card_213_b,choice_smm_card_213_b.png,Assets/Stories/saray_mutfagindan_muhre/Choices/choice_smm_card_213_b.png,smm_card_215
smm_card_214,Sır Pazarı: Mum Işığı,CARDS_PART_09_BLACK_MARKET.yaml,bg_bakircilar_carsisi,bg_bakircilar_carsisi.png,Assets/Stories/saray_mutfagindan_muhre/Backgrounds/bg_bakircilar_carsisi.png,A,smm_card_214_a,Anahtarı sahibine geri götür,choice_smm_card_214_a,choice_smm_card_214_a.png,Assets/Stories/saray_mutfagindan_muhre/Choices/choice_smm_card_214_a.png,smm_card_215
smm_card_214,Sır Pazarı: Mum Işığı,CARDS_PART_09_BLACK_MARKET.yaml,bg_bakircilar_carsisi,bg_bakircilar_carsisi.png,Assets/Stories/saray_mutfagindan_muhre/Backgrounds/bg_bakircilar_carsisi.png,B,smm_card_214_b,Anahtarı gece pazarlık et,choice_smm_card_214_b,choice_smm_card_214_b.png,Assets/Stories/saray_mutfagindan_muhre/Choices/choice_smm_card_214_b.png,smm_card_216
smm_card_215,Sır Pazarı: Gece Nöbeti,CARDS_PART_09_BLACK_MARKET.yaml,bg_kiler_gizli_raflar,bg_kiler_gizli_raflar.png,Assets/Stories/saray_mutfagindan_muhre/Backgrounds/bg_kiler_gizli_raflar.png,A,smm_card_215_a,Söylentiyi Rasih'e bildir,choice_smm_card_215_a,choice_smm_card_215_a.png,Assets/Stories/saray_mutfagindan_muhre/Choices/choice_smm_card_215_a.png,smm_card_216
smm_card_215,Sır Pazarı: Gece Nöbeti,CARDS_PART_09_BLACK_MARKET.yaml,bg_kiler_gizli_raflar,bg_kiler_gizli_raflar.png,Assets/Stories/saray_mutfagindan_muhre/Backgrounds/bg_kiler_gizli_raflar.png,B,smm_card_215_b,Söylentiyi varise taşı,choice_smm_card_215_b,choice_smm_card_215_b.png,Assets/Stories/saray_mutfagindan_muhre/Choices/choice_smm_card_215_b.png,smm_card_218
smm_card_216,Sır Pazarı: Kilitli Raf,CARDS_PART_09_BLACK_MARKET.yaml,bg_arka_sokak_karaborsa,bg_arka_sokak_karaborsa.png,Assets/Stories/saray_mutfagindan_muhre/Backgrounds/bg_arka_sokak_karaborsa.png,A,smm_card_216_a,Borcu küçük sırla kapat,choice_smm_card_216_a,choice_smm_card_216_a.png,Assets/Stories/saray_mutfagindan_muhre/Choices/choice_smm_card_216_a.png,smm_card_217
smm_card_216,Sır Pazarı: Kilitli Raf,CARDS_PART_09_BLACK_MARKET.yaml,bg_arka_sokak_karaborsa,bg_arka_sokak_karaborsa.png,Assets/Stories/saray_mutfagindan_muhre/Backgrounds/bg_arka_sokak_karaborsa.png,B,smm_card_216_b,Sırrı yüksek bedelle sat,choice_smm_card_216_b,choice_smm_card_216_b.png,Assets/Stories/saray_mutfagindan_muhre/Choices/choice_smm_card_216_b.png,smm_card_218
smm_card_217,Sır Pazarı: Sarayın Kulağı,CARDS_PART_09_BLACK_MARKET.yaml,bg_sehir_pazari,bg_sehir_pazari.png,Assets/Stories/saray_mutfagindan_muhre/Backgrounds/bg_sehir_pazari.png,A,smm_card_217_a,Sahte mührü reddet,choice_smm_card_217_a,choice_smm_card_217_a.png,Assets/Stories/saray_mutfagindan_muhre/Choices/choice_smm_card_217_a.png,smm_card_218
smm_card_217,Sır Pazarı: Sarayın Kulağı,CARDS_PART_09_BLACK_MARKET.yaml,bg_sehir_pazari,bg_sehir_pazari.png,Assets/Stories/saray_mutfagindan_muhre/Backgrounds/bg_sehir_pazari.png,B,smm_card_217_b,Sahte mühür kalıbı al,choice_smm_card_217_b,choice_smm_card_217_b.png,Assets/Stories/saray_mutfagindan_muhre/Choices/choice_smm_card_217_b.png,smm_card_219
smm_card_218,Sır Pazarı: Yağ Halkası,CARDS_PART_09_BLACK_MARKET.yaml,bg_gizli_muhur_atolyesi,bg_gizli_muhur_atolyesi.png,Assets/Stories/saray_mutfagindan_muhre/Backgrounds/bg_gizli_muhur_atolyesi.png,A,smm_card_218_a,Yusuf'un defterini ezberle,choice_smm_card_218_a,choice_smm_card_218_a.png,Assets/Stories/saray_mutfagindan_muhre/Choices/choice_smm_card_218_a.png,smm_card_219
smm_card_218,Sır Pazarı: Yağ Halkası,CARDS_PART_09_BLACK_MARKET.yaml,bg_gizli_muhur_atolyesi,bg_gizli_muhur_atolyesi.png,Assets/Stories/saray_mutfagindan_muhre/Backgrounds/bg_gizli_muhur_atolyesi.png,B,smm_card_218_b,Yusuf'a yeni borç yazdır,choice_smm_card_218_b,choice_smm_card_218_b.png,Assets/Stories/saray_mutfagindan_muhre/Choices/choice_smm_card_218_b.png,smm_card_220
smm_card_219,Sır Pazarı: Ak Gaga'nın Yolu,CARDS_PART_09_BLACK_MARKET.yaml,bg_bakircilar_carsisi,bg_bakircilar_carsisi.png,Assets/Stories/saray_mutfagindan_muhre/Backgrounds/bg_bakircilar_carsisi.png,A,smm_card_219_a,Anahtarı sahibine geri götür,choice_smm_card_219_a,choice_smm_card_219_a.png,Assets/Stories/saray_mutfagindan_muhre/Choices/choice_smm_card_219_a.png,smm_card_220
smm_card_219,Sır Pazarı: Ak Gaga'nın Yolu,CARDS_PART_09_BLACK_MARKET.yaml,bg_bakircilar_carsisi,bg_bakircilar_carsisi.png,Assets/Stories/saray_mutfagindan_muhre/Backgrounds/bg_bakircilar_carsisi.png,B,smm_card_219_b,Anahtarı gece pazarlık et,choice_smm_card_219_b,choice_smm_card_219_b.png,Assets/Stories/saray_mutfagindan_muhre/Choices/choice_smm_card_219_b.png,smm_card_221
smm_card_220,Sır Pazarı: Gümüş Kaşık,CARDS_PART_09_BLACK_MARKET.yaml,bg_kiler_gizli_raflar,bg_kiler_gizli_raflar.png,Assets/Stories/saray_mutfagindan_muhre/Backgrounds/bg_kiler_gizli_raflar.png,A,smm_card_220_a,Söylentiyi Rasih'e bildir,choice_smm_card_220_a,choice_smm_card_220_a.png,Assets/Stories/saray_mutfagindan_muhre/Choices/choice_smm_card_220_a.png,smm_card_221
smm_card_220,Sır Pazarı: Gümüş Kaşık,CARDS_PART_09_BLACK_MARKET.yaml,bg_kiler_gizli_raflar,bg_kiler_gizli_raflar.png,Assets/Stories/saray_mutfagindan_muhre/Backgrounds/bg_kiler_gizli_raflar.png,B,smm_card_220_b,Söylentiyi varise taşı,choice_smm_card_220_b,choice_smm_card_220_b.png,Assets/Stories/saray_mutfagindan_muhre/Choices/choice_smm_card_220_b.png,smm_card_223
smm_card_221,Sır Pazarı: Kayıp Ölçü,CARDS_PART_09_BLACK_MARKET.yaml,bg_arka_sokak_karaborsa,bg_arka_sokak_karaborsa.png,Assets/Stories/saray_mutfagindan_muhre/Backgrounds/bg_arka_sokak_karaborsa.png,A,smm_card_221_a,Borcu küçük sırla kapat,choice_smm_card_221_a,choice_smm_card_221_a.png,Assets/Stories/saray_mutfagindan_muhre/Choices/choice_smm_card_221_a.png,smm_card_222
smm_card_221,Sır Pazarı: Kayıp Ölçü,CARDS_PART_09_BLACK_MARKET.yaml,bg_arka_sokak_karaborsa,bg_arka_sokak_karaborsa.png,Assets/Stories/saray_mutfagindan_muhre/Backgrounds/bg_arka_sokak_karaborsa.png,B,smm_card_221_b,Sırrı yüksek bedelle sat,choice_smm_card_221_b,choice_smm_card_221_b.png,Assets/Stories/saray_mutfagindan_muhre/Choices/choice_smm_card_221_b.png,smm_card_223
smm_card_222,Sır Pazarı: Kuyrukta Ekmek,CARDS_PART_09_BLACK_MARKET.yaml,bg_sehir_pazari,bg_sehir_pazari.png,Assets/Stories/saray_mutfagindan_muhre/Backgrounds/bg_sehir_pazari.png,A,smm_card_222_a,Sahte mührü reddet,choice_smm_card_222_a,choice_smm_card_222_a.png,Assets/Stories/saray_mutfagindan_muhre/Choices/choice_smm_card_222_a.png,smm_card_223
smm_card_222,Sır Pazarı: Kuyrukta Ekmek,CARDS_PART_09_BLACK_MARKET.yaml,bg_sehir_pazari,bg_sehir_pazari.png,Assets/Stories/saray_mutfagindan_muhre/Backgrounds/bg_sehir_pazari.png,B,smm_card_222_b,Sahte mühür kalıbı al,choice_smm_card_222_b,choice_smm_card_222_b.png,Assets/Stories/saray_mutfagindan_muhre/Choices/choice_smm_card_222_b.png,smm_card_224
smm_card_223,Sır Pazarı: Keskin Koku,CARDS_PART_09_BLACK_MARKET.yaml,bg_gizli_muhur_atolyesi,bg_gizli_muhur_atolyesi.png,Assets/Stories/saray_mutfagindan_muhre/Backgrounds/bg_gizli_muhur_atolyesi.png,A,smm_card_223_a,Yusuf'un defterini ezberle,choice_smm_card_223_a,choice_smm_card_223_a.png,Assets/Stories/saray_mutfagindan_muhre/Choices/choice_smm_card_223_a.png,smm_card_224
smm_card_223,Sır Pazarı: Keskin Koku,CARDS_PART_09_BLACK_MARKET.yaml,bg_gizli_muhur_atolyesi,bg_gizli_muhur_atolyesi.png,Assets/Stories/saray_mutfagindan_muhre/Backgrounds/bg_gizli_muhur_atolyesi.png,B,smm_card_223_b,Yusuf'a yeni borç yazdır,choice_smm_card_223_b,choice_smm_card_223_b.png,Assets/Stories/saray_mutfagindan_muhre/Choices/choice_smm_card_223_b.png,smm_card_225
smm_card_224,Sır Pazarı: Mühre Giden İz,CARDS_PART_09_BLACK_MARKET.yaml,bg_bakircilar_carsisi,bg_bakircilar_carsisi.png,Assets/Stories/saray_mutfagindan_muhre/Backgrounds/bg_bakircilar_carsisi.png,A,smm_card_224_a,Anahtarı sahibine geri götür,choice_smm_card_224_a,choice_smm_card_224_a.png,Assets/Stories/saray_mutfagindan_muhre/Choices/choice_smm_card_224_a.png,smm_card_225
smm_card_224,Sır Pazarı: Mühre Giden İz,CARDS_PART_09_BLACK_MARKET.yaml,bg_bakircilar_carsisi,bg_bakircilar_carsisi.png,Assets/Stories/saray_mutfagindan_muhre/Backgrounds/bg_bakircilar_carsisi.png,B,smm_card_224_b,Anahtarı gece pazarlık et,choice_smm_card_224_b,choice_smm_card_224_b.png,Assets/Stories/saray_mutfagindan_muhre/Choices/choice_smm_card_224_b.png,smm_card_226
smm_card_225,Sır Pazarı: Dar Boğaz,CARDS_PART_09_BLACK_MARKET.yaml,bg_kiler_gizli_raflar,bg_kiler_gizli_raflar.png,Assets/Stories/saray_mutfagindan_muhre/Backgrounds/bg_kiler_gizli_raflar.png,A,smm_card_225_a,Söylentiyi Rasih'e bildir,choice_smm_card_225_a,choice_smm_card_225_a.png,Assets/Stories/saray_mutfagindan_muhre/Choices/choice_smm_card_225_a.png,smm_card_226
smm_card_225,Sır Pazarı: Dar Boğaz,CARDS_PART_09_BLACK_MARKET.yaml,bg_kiler_gizli_raflar,bg_kiler_gizli_raflar.png,Assets/Stories/saray_mutfagindan_muhre/Backgrounds/bg_kiler_gizli_raflar.png,B,smm_card_225_b,Söylentiyi varise taşı,choice_smm_card_225_b,choice_smm_card_225_b.png,Assets/Stories/saray_mutfagindan_muhre/Choices/choice_smm_card_225_b.png,smm_card_228
smm_card_226,Halk Ayaklanması: İlk Eşik,CARDS_PART_10_REBELLION.yaml,bg_halk_ekmek_kuyrugu,bg_halk_ekmek_kuyrugu.png,Assets/Stories/saray_mutfagindan_muhre/Backgrounds/bg_halk_ekmek_kuyrugu.png,A,smm_card_226_a,Ekmeği halka düzenli ulaştır,choice_smm_card_226_a,choice_smm_card_226_a.png,Assets/Stories/saray_mutfagindan_muhre/Choices/choice_smm_card_226_a.png,smm_card_227
smm_card_226,Halk Ayaklanması: İlk Eşik,CARDS_PART_10_REBELLION.yaml,bg_halk_ekmek_kuyrugu,bg_halk_ekmek_kuyrugu.png,Assets/Stories/saray_mutfagindan_muhre/Backgrounds/bg_halk_ekmek_kuyrugu.png,B,smm_card_226_b,Ekmeği isyan silahı yap,choice_smm_card_226_b,choice_smm_card_226_b.png,Assets/Stories/saray_mutfagindan_muhre/Choices/choice_smm_card_226_b.png,smm_card_228
smm_card_227,Halk Ayaklanması: Sıcak Bakır,CARDS_PART_10_REBELLION.yaml,bg_sarap_mahzeni_isyan,bg_sarap_mahzeni_isyan.png,Assets/Stories/saray_mutfagindan_muhre/Backgrounds/bg_sarap_mahzeni_isyan.png,A,smm_card_227_a,Bildiriyi şiddetsiz çağrı yap,choice_smm_card_227_a,choice_smm_card_227_a.png,Assets/Stories/saray_mutfagindan_muhre/Choices/choice_smm_card_227_a.png,smm_card_228
smm_card_227,Halk Ayaklanması: Sıcak Bakır,CARDS_PART_10_REBELLION.yaml,bg_sarap_mahzeni_isyan,bg_sarap_mahzeni_isyan.png,Assets/Stories/saray_mutfagindan_muhre/Backgrounds/bg_sarap_mahzeni_isyan.png,B,smm_card_227_b,Bildiriyi ateşli yaz,choice_smm_card_227_b,choice_smm_card_227_b.png,Assets/Stories/saray_mutfagindan_muhre/Choices/choice_smm_card_227_b.png,smm_card_229
smm_card_228,Halk Ayaklanması: Sessiz Bakış,CARDS_PART_10_REBELLION.yaml,bg_halk_meydani,bg_halk_meydani.png,Assets/Stories/saray_mutfagindan_muhre/Backgrounds/bg_halk_meydani.png,A,smm_card_228_a,Meryem'e kaçış yolu çiz,choice_smm_card_228_a,choice_smm_card_228_a.png,Assets/Stories/saray_mutfagindan_muhre/Choices/choice_smm_card_228_a.png,smm_card_229
smm_card_228,Halk Ayaklanması: Sessiz Bakış,CARDS_PART_10_REBELLION.yaml,bg_halk_meydani,bg_halk_meydani.png,Assets/Stories/saray_mutfagindan_muhre/Backgrounds/bg_halk_meydani.png,B,smm_card_228_b,Meryem'i varise yaklaştır,choice_smm_card_228_b,choice_smm_card_228_b.png,Assets/Stories/saray_mutfagindan_muhre/Choices/choice_smm_card_228_b.png,smm_card_230
smm_card_229,Halk Ayaklanması: İnce Hesap,CARDS_PART_10_REBELLION.yaml,bg_bahar_festivali_sokak,bg_bahar_festivali_sokak.png,Assets/Stories/saray_mutfagindan_muhre/Backgrounds/bg_bahar_festivali_sokak.png,A,smm_card_229_a,Kemal'den açık söz iste,choice_smm_card_229_a,choice_smm_card_229_a.png,Assets/Stories/saray_mutfagindan_muhre/Choices/choice_smm_card_229_a.png,smm_card_230
smm_card_229,Halk Ayaklanması: İnce Hesap,CARDS_PART_10_REBELLION.yaml,bg_bahar_festivali_sokak,bg_bahar_festivali_sokak.png,Assets/Stories/saray_mutfagindan_muhre/Backgrounds/bg_bahar_festivali_sokak.png,B,smm_card_229_b,Kemal'in sözünü abart,choice_smm_card_229_b,choice_smm_card_229_b.png,Assets/Stories/saray_mutfagindan_muhre/Choices/choice_smm_card_229_b.png,smm_card_231
smm_card_230,Halk Ayaklanması: Gizli Lekeler,CARDS_PART_10_REBELLION.yaml,bg_yeralti_sarnici,bg_yeralti_sarnici.png,Assets/Stories/saray_mutfagindan_muhre/Backgrounds/bg_yeralti_sarnici.png,A,smm_card_230_a,Mahzeni gizlice koru,choice_smm_card_230_a,choice_smm_card_230_a.png,Assets/Stories/saray_mutfagindan_muhre/Choices/choice_smm_card_230_a.png,smm_card_231
smm_card_230,Halk Ayaklanması: Gizli Lekeler,CARDS_PART_10_REBELLION.yaml,bg_yeralti_sarnici,bg_yeralti_sarnici.png,Assets/Stories/saray_mutfagindan_muhre/Backgrounds/bg_yeralti_sarnici.png,B,smm_card_230_b,Mahzeni saraya ihbar et,choice_smm_card_230_b,choice_smm_card_230_b.png,Assets/Stories/saray_mutfagindan_muhre/Choices/choice_smm_card_230_b.png,smm_card_233
smm_card_231,Halk Ayaklanması: Kör Alev,CARDS_PART_10_REBELLION.yaml,bg_halk_ekmek_kuyrugu,bg_halk_ekmek_kuyrugu.png,Assets/Stories/saray_mutfagindan_muhre/Backgrounds/bg_halk_ekmek_kuyrugu.png,A,smm_card_231_a,Ekmeği halka düzenli ulaştır,choice_smm_card_231_a,choice_smm_card_231_a.png,Assets/Stories/saray_mutfagindan_muhre/Choices/choice_smm_card_231_a.png,smm_card_232
smm_card_231,Halk Ayaklanması: Kör Alev,CARDS_PART_10_REBELLION.yaml,bg_halk_ekmek_kuyrugu,bg_halk_ekmek_kuyrugu.png,Assets/Stories/saray_mutfagindan_muhre/Backgrounds/bg_halk_ekmek_kuyrugu.png,B,smm_card_231_b,Ekmeği isyan silahı yap,choice_smm_card_231_b,choice_smm_card_231_b.png,Assets/Stories/saray_mutfagindan_muhre/Choices/choice_smm_card_231_b.png,smm_card_233
smm_card_232,Halk Ayaklanması: Üç Nohut,CARDS_PART_10_REBELLION.yaml,bg_sarap_mahzeni_isyan,bg_sarap_mahzeni_isyan.png,Assets/Stories/saray_mutfagindan_muhre/Backgrounds/bg_sarap_mahzeni_isyan.png,A,smm_card_232_a,Bildiriyi şiddetsiz çağrı yap,choice_smm_card_232_a,choice_smm_card_232_a.png,Assets/Stories/saray_mutfagindan_muhre/Choices/choice_smm_card_232_a.png,smm_card_233
smm_card_232,Halk Ayaklanması: Üç Nohut,CARDS_PART_10_REBELLION.yaml,bg_sarap_mahzeni_isyan,bg_sarap_mahzeni_isyan.png,Assets/Stories/saray_mutfagindan_muhre/Backgrounds/bg_sarap_mahzeni_isyan.png,B,smm_card_232_b,Bildiriyi ateşli yaz,choice_smm_card_232_b,choice_smm_card_232_b.png,Assets/Stories/saray_mutfagindan_muhre/Choices/choice_smm_card_232_b.png,smm_card_234
smm_card_233,Halk Ayaklanması: Kapıdaki Fısıltı,CARDS_PART_10_REBELLION.yaml,bg_halk_meydani,bg_halk_meydani.png,Assets/Stories/saray_mutfagindan_muhre/Backgrounds/bg_halk_meydani.png,A,smm_card_233_a,Meryem'e kaçış yolu çiz,choice_smm_card_233_a,choice_smm_card_233_a.png,Assets/Stories/saray_mutfagindan_muhre/Choices/choice_smm_card_233_a.png,smm_card_234
smm_card_233,Halk Ayaklanması: Kapıdaki Fısıltı,CARDS_PART_10_REBELLION.yaml,bg_halk_meydani,bg_halk_meydani.png,Assets/Stories/saray_mutfagindan_muhre/Backgrounds/bg_halk_meydani.png,B,smm_card_233_b,Meryem'i varise yaklaştır,choice_smm_card_233_b,choice_smm_card_233_b.png,Assets/Stories/saray_mutfagindan_muhre/Choices/choice_smm_card_233_b.png,smm_card_235
smm_card_234,Halk Ayaklanması: Aç Karnın Sözü,CARDS_PART_10_REBELLION.yaml,bg_bahar_festivali_sokak,bg_bahar_festivali_sokak.png,Assets/Stories/saray_mutfagindan_muhre/Backgrounds/bg_bahar_festivali_sokak.png,A,smm_card_234_a,Kemal'den açık söz iste,choice_smm_card_234_a,choice_smm_card_234_a.png,Assets/Stories/saray_mutfagindan_muhre/Choices/choice_smm_card_234_a.png,smm_card_235
smm_card_234,Halk Ayaklanması: Aç Karnın Sözü,CARDS_PART_10_REBELLION.yaml,bg_bahar_festivali_sokak,bg_bahar_festivali_sokak.png,Assets/Stories/saray_mutfagindan_muhre/Backgrounds/bg_bahar_festivali_sokak.png,B,smm_card_234_b,Kemal'in sözünü abart,choice_smm_card_234_b,choice_smm_card_234_b.png,Assets/Stories/saray_mutfagindan_muhre/Choices/choice_smm_card_234_b.png,smm_card_236
smm_card_235,Halk Ayaklanması: Ustanın Sınavı,CARDS_PART_10_REBELLION.yaml,bg_yeralti_sarnici,bg_yeralti_sarnici.png,Assets/Stories/saray_mutfagindan_muhre/Backgrounds/bg_yeralti_sarnici.png,A,smm_card_235_a,Mahzeni gizlice koru,choice_smm_card_235_a,choice_smm_card_235_a.png,Assets/Stories/saray_mutfagindan_muhre/Choices/choice_smm_card_235_a.png,smm_card_236
smm_card_235,Halk Ayaklanması: Ustanın Sınavı,CARDS_PART_10_REBELLION.yaml,bg_yeralti_sarnici,bg_yeralti_sarnici.png,Assets/Stories/saray_mutfagindan_muhre/Backgrounds/bg_yeralti_sarnici.png,B,smm_card_235_b,Mahzeni saraya ihbar et,choice_smm_card_235_b,choice_smm_card_235_b.png,Assets/Stories/saray_mutfagindan_muhre/Choices/choice_smm_card_235_b.png,smm_card_238
smm_card_236,Halk Ayaklanması: Kazanın Gölgesi,CARDS_PART_10_REBELLION.yaml,bg_halk_ekmek_kuyrugu,bg_halk_ekmek_kuyrugu.png,Assets/Stories/saray_mutfagindan_muhre/Backgrounds/bg_halk_ekmek_kuyrugu.png,A,smm_card_236_a,Ekmeği halka düzenli ulaştır,choice_smm_card_236_a,choice_smm_card_236_a.png,Assets/Stories/saray_mutfagindan_muhre/Choices/choice_smm_card_236_a.png,smm_card_237
smm_card_236,Halk Ayaklanması: Kazanın Gölgesi,CARDS_PART_10_REBELLION.yaml,bg_halk_ekmek_kuyrugu,bg_halk_ekmek_kuyrugu.png,Assets/Stories/saray_mutfagindan_muhre/Backgrounds/bg_halk_ekmek_kuyrugu.png,B,smm_card_236_b,Ekmeği isyan silahı yap,choice_smm_card_236_b,choice_smm_card_236_b.png,Assets/Stories/saray_mutfagindan_muhre/Choices/choice_smm_card_236_b.png,smm_card_238
smm_card_237,Halk Ayaklanması: Tuz ve Yemin,CARDS_PART_10_REBELLION.yaml,bg_sarap_mahzeni_isyan,bg_sarap_mahzeni_isyan.png,Assets/Stories/saray_mutfagindan_muhre/Backgrounds/bg_sarap_mahzeni_isyan.png,A,smm_card_237_a,Bildiriyi şiddetsiz çağrı yap,choice_smm_card_237_a,choice_smm_card_237_a.png,Assets/Stories/saray_mutfagindan_muhre/Choices/choice_smm_card_237_a.png,smm_card_238
smm_card_237,Halk Ayaklanması: Tuz ve Yemin,CARDS_PART_10_REBELLION.yaml,bg_sarap_mahzeni_isyan,bg_sarap_mahzeni_isyan.png,Assets/Stories/saray_mutfagindan_muhre/Backgrounds/bg_sarap_mahzeni_isyan.png,B,smm_card_237_b,Bildiriyi ateşli yaz,choice_smm_card_237_b,choice_smm_card_237_b.png,Assets/Stories/saray_mutfagindan_muhre/Choices/choice_smm_card_237_b.png,smm_card_239
smm_card_238,Halk Ayaklanması: Kırık Tabak,CARDS_PART_10_REBELLION.yaml,bg_halk_meydani,bg_halk_meydani.png,Assets/Stories/saray_mutfagindan_muhre/Backgrounds/bg_halk_meydani.png,A,smm_card_238_a,Meryem'e kaçış yolu çiz,choice_smm_card_238_a,choice_smm_card_238_a.png,Assets/Stories/saray_mutfagindan_muhre/Choices/choice_smm_card_238_a.png,smm_card_239
smm_card_238,Halk Ayaklanması: Kırık Tabak,CARDS_PART_10_REBELLION.yaml,bg_halk_meydani,bg_halk_meydani.png,Assets/Stories/saray_mutfagindan_muhre/Backgrounds/bg_halk_meydani.png,B,smm_card_238_b,Meryem'i varise yaklaştır,choice_smm_card_238_b,choice_smm_card_238_b.png,Assets/Stories/saray_mutfagindan_muhre/Choices/choice_smm_card_238_b.png,smm_card_240
smm_card_239,Halk Ayaklanması: Mum Işığı,CARDS_PART_10_REBELLION.yaml,bg_bahar_festivali_sokak,bg_bahar_festivali_sokak.png,Assets/Stories/saray_mutfagindan_muhre/Backgrounds/bg_bahar_festivali_sokak.png,A,smm_card_239_a,Kemal'den açık söz iste,choice_smm_card_239_a,choice_smm_card_239_a.png,Assets/Stories/saray_mutfagindan_muhre/Choices/choice_smm_card_239_a.png,smm_card_240
smm_card_239,Halk Ayaklanması: Mum Işığı,CARDS_PART_10_REBELLION.yaml,bg_bahar_festivali_sokak,bg_bahar_festivali_sokak.png,Assets/Stories/saray_mutfagindan_muhre/Backgrounds/bg_bahar_festivali_sokak.png,B,smm_card_239_b,Kemal'in sözünü abart,choice_smm_card_239_b,choice_smm_card_239_b.png,Assets/Stories/saray_mutfagindan_muhre/Choices/choice_smm_card_239_b.png,smm_card_241
smm_card_240,Halk Ayaklanması: Gece Nöbeti,CARDS_PART_10_REBELLION.yaml,bg_yeralti_sarnici,bg_yeralti_sarnici.png,Assets/Stories/saray_mutfagindan_muhre/Backgrounds/bg_yeralti_sarnici.png,A,smm_card_240_a,Mahzeni gizlice koru,choice_smm_card_240_a,choice_smm_card_240_a.png,Assets/Stories/saray_mutfagindan_muhre/Choices/choice_smm_card_240_a.png,smm_card_241
smm_card_240,Halk Ayaklanması: Gece Nöbeti,CARDS_PART_10_REBELLION.yaml,bg_yeralti_sarnici,bg_yeralti_sarnici.png,Assets/Stories/saray_mutfagindan_muhre/Backgrounds/bg_yeralti_sarnici.png,B,smm_card_240_b,Mahzeni saraya ihbar et,choice_smm_card_240_b,choice_smm_card_240_b.png,Assets/Stories/saray_mutfagindan_muhre/Choices/choice_smm_card_240_b.png,smm_card_243
smm_card_241,Halk Ayaklanması: Kilitli Raf,CARDS_PART_10_REBELLION.yaml,bg_halk_ekmek_kuyrugu,bg_halk_ekmek_kuyrugu.png,Assets/Stories/saray_mutfagindan_muhre/Backgrounds/bg_halk_ekmek_kuyrugu.png,A,smm_card_241_a,Ekmeği halka düzenli ulaştır,choice_smm_card_241_a,choice_smm_card_241_a.png,Assets/Stories/saray_mutfagindan_muhre/Choices/choice_smm_card_241_a.png,smm_card_242
smm_card_241,Halk Ayaklanması: Kilitli Raf,CARDS_PART_10_REBELLION.yaml,bg_halk_ekmek_kuyrugu,bg_halk_ekmek_kuyrugu.png,Assets/Stories/saray_mutfagindan_muhre/Backgrounds/bg_halk_ekmek_kuyrugu.png,B,smm_card_241_b,Ekmeği isyan silahı yap,choice_smm_card_241_b,choice_smm_card_241_b.png,Assets/Stories/saray_mutfagindan_muhre/Choices/choice_smm_card_241_b.png,smm_card_243
smm_card_242,Halk Ayaklanması: Sarayın Kulağı,CARDS_PART_10_REBELLION.yaml,bg_sarap_mahzeni_isyan,bg_sarap_mahzeni_isyan.png,Assets/Stories/saray_mutfagindan_muhre/Backgrounds/bg_sarap_mahzeni_isyan.png,A,smm_card_242_a,Bildiriyi şiddetsiz çağrı yap,choice_smm_card_242_a,choice_smm_card_242_a.png,Assets/Stories/saray_mutfagindan_muhre/Choices/choice_smm_card_242_a.png,smm_card_243
smm_card_242,Halk Ayaklanması: Sarayın Kulağı,CARDS_PART_10_REBELLION.yaml,bg_sarap_mahzeni_isyan,bg_sarap_mahzeni_isyan.png,Assets/Stories/saray_mutfagindan_muhre/Backgrounds/bg_sarap_mahzeni_isyan.png,B,smm_card_242_b,Bildiriyi ateşli yaz,choice_smm_card_242_b,choice_smm_card_242_b.png,Assets/Stories/saray_mutfagindan_muhre/Choices/choice_smm_card_242_b.png,smm_card_244
smm_card_243,Halk Ayaklanması: Yağ Halkası,CARDS_PART_10_REBELLION.yaml,bg_halk_meydani,bg_halk_meydani.png,Assets/Stories/saray_mutfagindan_muhre/Backgrounds/bg_halk_meydani.png,A,smm_card_243_a,Meryem'e kaçış yolu çiz,choice_smm_card_243_a,choice_smm_card_243_a.png,Assets/Stories/saray_mutfagindan_muhre/Choices/choice_smm_card_243_a.png,smm_card_244
smm_card_243,Halk Ayaklanması: Yağ Halkası,CARDS_PART_10_REBELLION.yaml,bg_halk_meydani,bg_halk_meydani.png,Assets/Stories/saray_mutfagindan_muhre/Backgrounds/bg_halk_meydani.png,B,smm_card_243_b,Meryem'i varise yaklaştır,choice_smm_card_243_b,choice_smm_card_243_b.png,Assets/Stories/saray_mutfagindan_muhre/Choices/choice_smm_card_243_b.png,smm_card_245
smm_card_244,Halk Ayaklanması: Ak Gaga'nın Yolu,CARDS_PART_10_REBELLION.yaml,bg_bahar_festivali_sokak,bg_bahar_festivali_sokak.png,Assets/Stories/saray_mutfagindan_muhre/Backgrounds/bg_bahar_festivali_sokak.png,A,smm_card_244_a,Kemal'den açık söz iste,choice_smm_card_244_a,choice_smm_card_244_a.png,Assets/Stories/saray_mutfagindan_muhre/Choices/choice_smm_card_244_a.png,smm_card_245
smm_card_244,Halk Ayaklanması: Ak Gaga'nın Yolu,CARDS_PART_10_REBELLION.yaml,bg_bahar_festivali_sokak,bg_bahar_festivali_sokak.png,Assets/Stories/saray_mutfagindan_muhre/Backgrounds/bg_bahar_festivali_sokak.png,B,smm_card_244_b,Kemal'in sözünü abart,choice_smm_card_244_b,choice_smm_card_244_b.png,Assets/Stories/saray_mutfagindan_muhre/Choices/choice_smm_card_244_b.png,smm_card_246
smm_card_245,Halk Ayaklanması: Gümüş Kaşık,CARDS_PART_10_REBELLION.yaml,bg_yeralti_sarnici,bg_yeralti_sarnici.png,Assets/Stories/saray_mutfagindan_muhre/Backgrounds/bg_yeralti_sarnici.png,A,smm_card_245_a,Mahzeni gizlice koru,choice_smm_card_245_a,choice_smm_card_245_a.png,Assets/Stories/saray_mutfagindan_muhre/Choices/choice_smm_card_245_a.png,smm_card_246
smm_card_245,Halk Ayaklanması: Gümüş Kaşık,CARDS_PART_10_REBELLION.yaml,bg_yeralti_sarnici,bg_yeralti_sarnici.png,Assets/Stories/saray_mutfagindan_muhre/Backgrounds/bg_yeralti_sarnici.png,B,smm_card_245_b,Mahzeni saraya ihbar et,choice_smm_card_245_b,choice_smm_card_245_b.png,Assets/Stories/saray_mutfagindan_muhre/Choices/choice_smm_card_245_b.png,smm_card_248
smm_card_246,Halk Ayaklanması: Kayıp Ölçü,CARDS_PART_10_REBELLION.yaml,bg_halk_ekmek_kuyrugu,bg_halk_ekmek_kuyrugu.png,Assets/Stories/saray_mutfagindan_muhre/Backgrounds/bg_halk_ekmek_kuyrugu.png,A,smm_card_246_a,Ekmeği halka düzenli ulaştır,choice_smm_card_246_a,choice_smm_card_246_a.png,Assets/Stories/saray_mutfagindan_muhre/Choices/choice_smm_card_246_a.png,smm_card_247
smm_card_246,Halk Ayaklanması: Kayıp Ölçü,CARDS_PART_10_REBELLION.yaml,bg_halk_ekmek_kuyrugu,bg_halk_ekmek_kuyrugu.png,Assets/Stories/saray_mutfagindan_muhre/Backgrounds/bg_halk_ekmek_kuyrugu.png,B,smm_card_246_b,Ekmeği isyan silahı yap,choice_smm_card_246_b,choice_smm_card_246_b.png,Assets/Stories/saray_mutfagindan_muhre/Choices/choice_smm_card_246_b.png,smm_card_248
smm_card_247,Halk Ayaklanması: Kuyrukta Ekmek,CARDS_PART_10_REBELLION.yaml,bg_sarap_mahzeni_isyan,bg_sarap_mahzeni_isyan.png,Assets/Stories/saray_mutfagindan_muhre/Backgrounds/bg_sarap_mahzeni_isyan.png,A,smm_card_247_a,Bildiriyi şiddetsiz çağrı yap,choice_smm_card_247_a,choice_smm_card_247_a.png,Assets/Stories/saray_mutfagindan_muhre/Choices/choice_smm_card_247_a.png,smm_card_248
smm_card_247,Halk Ayaklanması: Kuyrukta Ekmek,CARDS_PART_10_REBELLION.yaml,bg_sarap_mahzeni_isyan,bg_sarap_mahzeni_isyan.png,Assets/Stories/saray_mutfagindan_muhre/Backgrounds/bg_sarap_mahzeni_isyan.png,B,smm_card_247_b,Bildiriyi ateşli yaz,choice_smm_card_247_b,choice_smm_card_247_b.png,Assets/Stories/saray_mutfagindan_muhre/Choices/choice_smm_card_247_b.png,smm_card_249
smm_card_248,Halk Ayaklanması: Keskin Koku,CARDS_PART_10_REBELLION.yaml,bg_halk_meydani,bg_halk_meydani.png,Assets/Stories/saray_mutfagindan_muhre/Backgrounds/bg_halk_meydani.png,A,smm_card_248_a,Meryem'e kaçış yolu çiz,choice_smm_card_248_a,choice_smm_card_248_a.png,Assets/Stories/saray_mutfagindan_muhre/Choices/choice_smm_card_248_a.png,smm_card_249
smm_card_248,Halk Ayaklanması: Keskin Koku,CARDS_PART_10_REBELLION.yaml,bg_halk_meydani,bg_halk_meydani.png,Assets/Stories/saray_mutfagindan_muhre/Backgrounds/bg_halk_meydani.png,B,smm_card_248_b,Meryem'i varise yaklaştır,choice_smm_card_248_b,choice_smm_card_248_b.png,Assets/Stories/saray_mutfagindan_muhre/Choices/choice_smm_card_248_b.png,smm_card_250
smm_card_249,Halk Ayaklanması: Mühre Giden İz,CARDS_PART_10_REBELLION.yaml,bg_bahar_festivali_sokak,bg_bahar_festivali_sokak.png,Assets/Stories/saray_mutfagindan_muhre/Backgrounds/bg_bahar_festivali_sokak.png,A,smm_card_249_a,Kemal'den açık söz iste,choice_smm_card_249_a,choice_smm_card_249_a.png,Assets/Stories/saray_mutfagindan_muhre/Choices/choice_smm_card_249_a.png,smm_card_250
smm_card_249,Halk Ayaklanması: Mühre Giden İz,CARDS_PART_10_REBELLION.yaml,bg_bahar_festivali_sokak,bg_bahar_festivali_sokak.png,Assets/Stories/saray_mutfagindan_muhre/Backgrounds/bg_bahar_festivali_sokak.png,B,smm_card_249_b,Kemal'in sözünü abart,choice_smm_card_249_b,choice_smm_card_249_b.png,Assets/Stories/saray_mutfagindan_muhre/Choices/choice_smm_card_249_b.png,smm_card_251
smm_card_250,Halk Ayaklanması: Dar Boğaz,CARDS_PART_10_REBELLION.yaml,bg_yeralti_sarnici,bg_yeralti_sarnici.png,Assets/Stories/saray_mutfagindan_muhre/Backgrounds/bg_yeralti_sarnici.png,A,smm_card_250_a,Mahzeni gizlice koru,choice_smm_card_250_a,choice_smm_card_250_a.png,Assets/Stories/saray_mutfagindan_muhre/Choices/choice_smm_card_250_a.png,smm_card_251
smm_card_250,Halk Ayaklanması: Dar Boğaz,CARDS_PART_10_REBELLION.yaml,bg_yeralti_sarnici,bg_yeralti_sarnici.png,Assets/Stories/saray_mutfagindan_muhre/Backgrounds/bg_yeralti_sarnici.png,B,smm_card_250_b,Mahzeni saraya ihbar et,choice_smm_card_250_b,choice_smm_card_250_b.png,Assets/Stories/saray_mutfagindan_muhre/Choices/choice_smm_card_250_b.png,smm_card_253
smm_card_251,Varisler ve Fraksiyonlar: İlk Eşik,CARDS_PART_11_HEIRS_AND_FACTIONS.yaml,bg_divan_salonu,bg_divan_salonu.png,Assets/Stories/saray_mutfagindan_muhre/Backgrounds/bg_divan_salonu.png,A,smm_card_251_a,Varisleri aynı masaya çağır,choice_smm_card_251_a,choice_smm_card_251_a.png,Assets/Stories/saray_mutfagindan_muhre/Choices/choice_smm_card_251_a.png,smm_card_252
smm_card_251,Varisler ve Fraksiyonlar: İlk Eşik,CARDS_PART_11_HEIRS_AND_FACTIONS.yaml,bg_divan_salonu,bg_divan_salonu.png,Assets/Stories/saray_mutfagindan_muhre/Backgrounds/bg_divan_salonu.png,B,smm_card_251_b,Bir varisi gizlice güçlendir,choice_smm_card_251_b,choice_smm_card_251_b.png,Assets/Stories/saray_mutfagindan_muhre/Choices/choice_smm_card_251_b.png,smm_card_253
smm_card_252,Varisler ve Fraksiyonlar: Sıcak Bakır,CARDS_PART_11_HEIRS_AND_FACTIONS.yaml,bg_taht_salonu,bg_taht_salonu.png,Assets/Stories/saray_mutfagindan_muhre/Backgrounds/bg_taht_salonu.png,A,smm_card_252_a,Arslan'a şartlı destek ver,choice_smm_card_252_a,choice_smm_card_252_a.png,Assets/Stories/saray_mutfagindan_muhre/Choices/choice_smm_card_252_a.png,smm_card_253
smm_card_252,Varisler ve Fraksiyonlar: Sıcak Bakır,CARDS_PART_11_HEIRS_AND_FACTIONS.yaml,bg_taht_salonu,bg_taht_salonu.png,Assets/Stories/saray_mutfagindan_muhre/Backgrounds/bg_taht_salonu.png,B,smm_card_252_b,Arslan'a ordu defterini göster,choice_smm_card_252_b,choice_smm_card_252_b.png,Assets/Stories/saray_mutfagindan_muhre/Choices/choice_smm_card_252_b.png,smm_card_254
smm_card_253,Varisler ve Fraksiyonlar: Sessiz Bakış,CARDS_PART_11_HEIRS_AND_FACTIONS.yaml,bg_elcilik_salonu,bg_elcilik_salonu.png,Assets/Stories/saray_mutfagindan_muhre/Backgrounds/bg_elcilik_salonu.png,A,smm_card_253_a,Safira'nın dış ittifakını tart,choice_smm_card_253_a,choice_smm_card_253_a.png,Assets/Stories/saray_mutfagindan_muhre/Choices/choice_smm_card_253_a.png,smm_card_254
smm_card_253,Varisler ve Fraksiyonlar: Sessiz Bakış,CARDS_PART_11_HEIRS_AND_FACTIONS.yaml,bg_elcilik_salonu,bg_elcilik_salonu.png,Assets/Stories/saray_mutfagindan_muhre/Backgrounds/bg_elcilik_salonu.png,B,smm_card_253_b,Safira'ya elçi yüzüğünü sun,choice_smm_card_253_b,choice_smm_card_253_b.png,Assets/Stories/saray_mutfagindan_muhre/Choices/choice_smm_card_253_b.png,smm_card_255
smm_card_254,Varisler ve Fraksiyonlar: İnce Hesap,CARDS_PART_11_HEIRS_AND_FACTIONS.yaml,bg_harem_arkasi_fisiltisi,bg_harem_arkasi_fisiltisi.png,Assets/Stories/saray_mutfagindan_muhre/Backgrounds/bg_harem_arkasi_fisiltisi.png,A,smm_card_254_a,Kemal'in halk sözünü kayda geçir,choice_smm_card_254_a,choice_smm_card_254_a.png,Assets/Stories/saray_mutfagindan_muhre/Choices/choice_smm_card_254_a.png,smm_card_255
smm_card_254,Varisler ve Fraksiyonlar: İnce Hesap,CARDS_PART_11_HEIRS_AND_FACTIONS.yaml,bg_harem_arkasi_fisiltisi,bg_harem_arkasi_fisiltisi.png,Assets/Stories/saray_mutfagindan_muhre/Backgrounds/bg_harem_arkasi_fisiltisi.png,B,smm_card_254_b,Kemal'e isyan kapısını aç,choice_smm_card_254_b,choice_smm_card_254_b.png,Assets/Stories/saray_mutfagindan_muhre/Choices/choice_smm_card_254_b.png,smm_card_256
smm_card_255,Varisler ve Fraksiyonlar: Gizli Lekeler,CARDS_PART_11_HEIRS_AND_FACTIONS.yaml,bg_kaz_avlusu,bg_kaz_avlusu.png,Assets/Stories/saray_mutfagindan_muhre/Backgrounds/bg_kaz_avlusu.png,A,smm_card_255_a,Başvezire tarafsız kalacağını söyle,choice_smm_card_255_a,choice_smm_card_255_a.png,Assets/Stories/saray_mutfagindan_muhre/Choices/choice_smm_card_255_a.png,smm_card_256
smm_card_255,Varisler ve Fraksiyonlar: Gizli Lekeler,CARDS_PART_11_HEIRS_AND_FACTIONS.yaml,bg_kaz_avlusu,bg_kaz_avlusu.png,Assets/Stories/saray_mutfagindan_muhre/Backgrounds/bg_kaz_avlusu.png,B,smm_card_255_b,Başvezirin mührünü zorla,choice_smm_card_255_b,choice_smm_card_255_b.png,Assets/Stories/saray_mutfagindan_muhre/Choices/choice_smm_card_255_b.png,smm_card_258
smm_card_256,Varisler ve Fraksiyonlar: Kör Alev,CARDS_PART_11_HEIRS_AND_FACTIONS.yaml,bg_muhur_odasi,bg_muhur_odasi.png,Assets/Stories/saray_mutfagindan_muhre/Backgrounds/bg_muhur_odasi.png,A,smm_card_256_a,Varisleri aynı masaya çağır,choice_smm_card_256_a,choice_smm_card_256_a.png,Assets/Stories/saray_mutfagindan_muhre/Choices/choice_smm_card_256_a.png,smm_card_257
smm_card_256,Varisler ve Fraksiyonlar: Kör Alev,CARDS_PART_11_HEIRS_AND_FACTIONS.yaml,bg_muhur_odasi,bg_muhur_odasi.png,Assets/Stories/saray_mutfagindan_muhre/Backgrounds/bg_muhur_odasi.png,B,smm_card_256_b,Bir varisi gizlice güçlendir,choice_smm_card_256_b,choice_smm_card_256_b.png,Assets/Stories/saray_mutfagindan_muhre/Choices/choice_smm_card_256_b.png,smm_card_258
smm_card_257,Varisler ve Fraksiyonlar: Üç Nohut,CARDS_PART_11_HEIRS_AND_FACTIONS.yaml,bg_sessiz_kutuphane,bg_sessiz_kutuphane.png,Assets/Stories/saray_mutfagindan_muhre/Backgrounds/bg_sessiz_kutuphane.png,A,smm_card_257_a,Arslan'a şartlı destek ver,choice_smm_card_257_a,choice_smm_card_257_a.png,Assets/Stories/saray_mutfagindan_muhre/Choices/choice_smm_card_257_a.png,smm_card_258
smm_card_257,Varisler ve Fraksiyonlar: Üç Nohut,CARDS_PART_11_HEIRS_AND_FACTIONS.yaml,bg_sessiz_kutuphane,bg_sessiz_kutuphane.png,Assets/Stories/saray_mutfagindan_muhre/Backgrounds/bg_sessiz_kutuphane.png,B,smm_card_257_b,Arslan'a ordu defterini göster,choice_smm_card_257_b,choice_smm_card_257_b.png,Assets/Stories/saray_mutfagindan_muhre/Choices/choice_smm_card_257_b.png,smm_card_259
smm_card_258,Varisler ve Fraksiyonlar: Kapıdaki Fısıltı,CARDS_PART_11_HEIRS_AND_FACTIONS.yaml,bg_divan_salonu,bg_divan_salonu.png,Assets/Stories/saray_mutfagindan_muhre/Backgrounds/bg_divan_salonu.png,A,smm_card_258_a,Safira'nın dış ittifakını tart,choice_smm_card_258_a,choice_smm_card_258_a.png,Assets/Stories/saray_mutfagindan_muhre/Choices/choice_smm_card_258_a.png,smm_card_259
smm_card_258,Varisler ve Fraksiyonlar: Kapıdaki Fısıltı,CARDS_PART_11_HEIRS_AND_FACTIONS.yaml,bg_divan_salonu,bg_divan_salonu.png,Assets/Stories/saray_mutfagindan_muhre/Backgrounds/bg_divan_salonu.png,B,smm_card_258_b,Safira'ya elçi yüzüğünü sun,choice_smm_card_258_b,choice_smm_card_258_b.png,Assets/Stories/saray_mutfagindan_muhre/Choices/choice_smm_card_258_b.png,smm_card_260
smm_card_259,Varisler ve Fraksiyonlar: Aç Karnın Sözü,CARDS_PART_11_HEIRS_AND_FACTIONS.yaml,bg_taht_salonu,bg_taht_salonu.png,Assets/Stories/saray_mutfagindan_muhre/Backgrounds/bg_taht_salonu.png,A,smm_card_259_a,Kemal'in halk sözünü kayda geçir,choice_smm_card_259_a,choice_smm_card_259_a.png,Assets/Stories/saray_mutfagindan_muhre/Choices/choice_smm_card_259_a.png,smm_card_260
smm_card_259,Varisler ve Fraksiyonlar: Aç Karnın Sözü,CARDS_PART_11_HEIRS_AND_FACTIONS.yaml,bg_taht_salonu,bg_taht_salonu.png,Assets/Stories/saray_mutfagindan_muhre/Backgrounds/bg_taht_salonu.png,B,smm_card_259_b,Kemal'e isyan kapısını aç,choice_smm_card_259_b,choice_smm_card_259_b.png,Assets/Stories/saray_mutfagindan_muhre/Choices/choice_smm_card_259_b.png,smm_card_261
smm_card_260,Varisler ve Fraksiyonlar: Ustanın Sınavı,CARDS_PART_11_HEIRS_AND_FACTIONS.yaml,bg_elcilik_salonu,bg_elcilik_salonu.png,Assets/Stories/saray_mutfagindan_muhre/Backgrounds/bg_elcilik_salonu.png,A,smm_card_260_a,Başvezire tarafsız kalacağını söyle,choice_smm_card_260_a,choice_smm_card_260_a.png,Assets/Stories/saray_mutfagindan_muhre/Choices/choice_smm_card_260_a.png,smm_card_261
smm_card_260,Varisler ve Fraksiyonlar: Ustanın Sınavı,CARDS_PART_11_HEIRS_AND_FACTIONS.yaml,bg_elcilik_salonu,bg_elcilik_salonu.png,Assets/Stories/saray_mutfagindan_muhre/Backgrounds/bg_elcilik_salonu.png,B,smm_card_260_b,Başvezirin mührünü zorla,choice_smm_card_260_b,choice_smm_card_260_b.png,Assets/Stories/saray_mutfagindan_muhre/Choices/choice_smm_card_260_b.png,smm_card_263
smm_card_261,Varisler ve Fraksiyonlar: Kazanın Gölgesi,CARDS_PART_11_HEIRS_AND_FACTIONS.yaml,bg_harem_arkasi_fisiltisi,bg_harem_arkasi_fisiltisi.png,Assets/Stories/saray_mutfagindan_muhre/Backgrounds/bg_harem_arkasi_fisiltisi.png,A,smm_card_261_a,Varisleri aynı masaya çağır,choice_smm_card_261_a,choice_smm_card_261_a.png,Assets/Stories/saray_mutfagindan_muhre/Choices/choice_smm_card_261_a.png,smm_card_262
smm_card_261,Varisler ve Fraksiyonlar: Kazanın Gölgesi,CARDS_PART_11_HEIRS_AND_FACTIONS.yaml,bg_harem_arkasi_fisiltisi,bg_harem_arkasi_fisiltisi.png,Assets/Stories/saray_mutfagindan_muhre/Backgrounds/bg_harem_arkasi_fisiltisi.png,B,smm_card_261_b,Bir varisi gizlice güçlendir,choice_smm_card_261_b,choice_smm_card_261_b.png,Assets/Stories/saray_mutfagindan_muhre/Choices/choice_smm_card_261_b.png,smm_card_263
smm_card_262,Varisler ve Fraksiyonlar: Tuz ve Yemin,CARDS_PART_11_HEIRS_AND_FACTIONS.yaml,bg_kaz_avlusu,bg_kaz_avlusu.png,Assets/Stories/saray_mutfagindan_muhre/Backgrounds/bg_kaz_avlusu.png,A,smm_card_262_a,Arslan'a şartlı destek ver,choice_smm_card_262_a,choice_smm_card_262_a.png,Assets/Stories/saray_mutfagindan_muhre/Choices/choice_smm_card_262_a.png,smm_card_263
smm_card_262,Varisler ve Fraksiyonlar: Tuz ve Yemin,CARDS_PART_11_HEIRS_AND_FACTIONS.yaml,bg_kaz_avlusu,bg_kaz_avlusu.png,Assets/Stories/saray_mutfagindan_muhre/Backgrounds/bg_kaz_avlusu.png,B,smm_card_262_b,Arslan'a ordu defterini göster,choice_smm_card_262_b,choice_smm_card_262_b.png,Assets/Stories/saray_mutfagindan_muhre/Choices/choice_smm_card_262_b.png,smm_card_264
smm_card_263,Varisler ve Fraksiyonlar: Kırık Tabak,CARDS_PART_11_HEIRS_AND_FACTIONS.yaml,bg_muhur_odasi,bg_muhur_odasi.png,Assets/Stories/saray_mutfagindan_muhre/Backgrounds/bg_muhur_odasi.png,A,smm_card_263_a,Safira'nın dış ittifakını tart,choice_smm_card_263_a,choice_smm_card_263_a.png,Assets/Stories/saray_mutfagindan_muhre/Choices/choice_smm_card_263_a.png,smm_card_264
smm_card_263,Varisler ve Fraksiyonlar: Kırık Tabak,CARDS_PART_11_HEIRS_AND_FACTIONS.yaml,bg_muhur_odasi,bg_muhur_odasi.png,Assets/Stories/saray_mutfagindan_muhre/Backgrounds/bg_muhur_odasi.png,B,smm_card_263_b,Safira'ya elçi yüzüğünü sun,choice_smm_card_263_b,choice_smm_card_263_b.png,Assets/Stories/saray_mutfagindan_muhre/Choices/choice_smm_card_263_b.png,smm_card_265
smm_card_264,Varisler ve Fraksiyonlar: Mum Işığı,CARDS_PART_11_HEIRS_AND_FACTIONS.yaml,bg_sessiz_kutuphane,bg_sessiz_kutuphane.png,Assets/Stories/saray_mutfagindan_muhre/Backgrounds/bg_sessiz_kutuphane.png,A,smm_card_264_a,Kemal'in halk sözünü kayda geçir,choice_smm_card_264_a,choice_smm_card_264_a.png,Assets/Stories/saray_mutfagindan_muhre/Choices/choice_smm_card_264_a.png,smm_card_265
smm_card_264,Varisler ve Fraksiyonlar: Mum Işığı,CARDS_PART_11_HEIRS_AND_FACTIONS.yaml,bg_sessiz_kutuphane,bg_sessiz_kutuphane.png,Assets/Stories/saray_mutfagindan_muhre/Backgrounds/bg_sessiz_kutuphane.png,B,smm_card_264_b,Kemal'e isyan kapısını aç,choice_smm_card_264_b,choice_smm_card_264_b.png,Assets/Stories/saray_mutfagindan_muhre/Choices/choice_smm_card_264_b.png,smm_card_266
smm_card_265,Varisler ve Fraksiyonlar: Gece Nöbeti,CARDS_PART_11_HEIRS_AND_FACTIONS.yaml,bg_divan_salonu,bg_divan_salonu.png,Assets/Stories/saray_mutfagindan_muhre/Backgrounds/bg_divan_salonu.png,A,smm_card_265_a,Başvezire tarafsız kalacağını söyle,choice_smm_card_265_a,choice_smm_card_265_a.png,Assets/Stories/saray_mutfagindan_muhre/Choices/choice_smm_card_265_a.png,smm_card_266
smm_card_265,Varisler ve Fraksiyonlar: Gece Nöbeti,CARDS_PART_11_HEIRS_AND_FACTIONS.yaml,bg_divan_salonu,bg_divan_salonu.png,Assets/Stories/saray_mutfagindan_muhre/Backgrounds/bg_divan_salonu.png,B,smm_card_265_b,Başvezirin mührünü zorla,choice_smm_card_265_b,choice_smm_card_265_b.png,Assets/Stories/saray_mutfagindan_muhre/Choices/choice_smm_card_265_b.png,smm_card_268
smm_card_266,Varisler ve Fraksiyonlar: Kilitli Raf,CARDS_PART_11_HEIRS_AND_FACTIONS.yaml,bg_taht_salonu,bg_taht_salonu.png,Assets/Stories/saray_mutfagindan_muhre/Backgrounds/bg_taht_salonu.png,A,smm_card_266_a,Varisleri aynı masaya çağır,choice_smm_card_266_a,choice_smm_card_266_a.png,Assets/Stories/saray_mutfagindan_muhre/Choices/choice_smm_card_266_a.png,smm_card_267
smm_card_266,Varisler ve Fraksiyonlar: Kilitli Raf,CARDS_PART_11_HEIRS_AND_FACTIONS.yaml,bg_taht_salonu,bg_taht_salonu.png,Assets/Stories/saray_mutfagindan_muhre/Backgrounds/bg_taht_salonu.png,B,smm_card_266_b,Bir varisi gizlice güçlendir,choice_smm_card_266_b,choice_smm_card_266_b.png,Assets/Stories/saray_mutfagindan_muhre/Choices/choice_smm_card_266_b.png,smm_card_268
smm_card_267,Varisler ve Fraksiyonlar: Sarayın Kulağı,CARDS_PART_11_HEIRS_AND_FACTIONS.yaml,bg_elcilik_salonu,bg_elcilik_salonu.png,Assets/Stories/saray_mutfagindan_muhre/Backgrounds/bg_elcilik_salonu.png,A,smm_card_267_a,Arslan'a şartlı destek ver,choice_smm_card_267_a,choice_smm_card_267_a.png,Assets/Stories/saray_mutfagindan_muhre/Choices/choice_smm_card_267_a.png,smm_card_268
smm_card_267,Varisler ve Fraksiyonlar: Sarayın Kulağı,CARDS_PART_11_HEIRS_AND_FACTIONS.yaml,bg_elcilik_salonu,bg_elcilik_salonu.png,Assets/Stories/saray_mutfagindan_muhre/Backgrounds/bg_elcilik_salonu.png,B,smm_card_267_b,Arslan'a ordu defterini göster,choice_smm_card_267_b,choice_smm_card_267_b.png,Assets/Stories/saray_mutfagindan_muhre/Choices/choice_smm_card_267_b.png,smm_card_269
smm_card_268,Varisler ve Fraksiyonlar: Yağ Halkası,CARDS_PART_11_HEIRS_AND_FACTIONS.yaml,bg_harem_arkasi_fisiltisi,bg_harem_arkasi_fisiltisi.png,Assets/Stories/saray_mutfagindan_muhre/Backgrounds/bg_harem_arkasi_fisiltisi.png,A,smm_card_268_a,Safira'nın dış ittifakını tart,choice_smm_card_268_a,choice_smm_card_268_a.png,Assets/Stories/saray_mutfagindan_muhre/Choices/choice_smm_card_268_a.png,smm_card_269
smm_card_268,Varisler ve Fraksiyonlar: Yağ Halkası,CARDS_PART_11_HEIRS_AND_FACTIONS.yaml,bg_harem_arkasi_fisiltisi,bg_harem_arkasi_fisiltisi.png,Assets/Stories/saray_mutfagindan_muhre/Backgrounds/bg_harem_arkasi_fisiltisi.png,B,smm_card_268_b,Safira'ya elçi yüzüğünü sun,choice_smm_card_268_b,choice_smm_card_268_b.png,Assets/Stories/saray_mutfagindan_muhre/Choices/choice_smm_card_268_b.png,smm_card_270
smm_card_269,Varisler ve Fraksiyonlar: Ak Gaga'nın Yolu,CARDS_PART_11_HEIRS_AND_FACTIONS.yaml,bg_kaz_avlusu,bg_kaz_avlusu.png,Assets/Stories/saray_mutfagindan_muhre/Backgrounds/bg_kaz_avlusu.png,A,smm_card_269_a,Kemal'in halk sözünü kayda geçir,choice_smm_card_269_a,choice_smm_card_269_a.png,Assets/Stories/saray_mutfagindan_muhre/Choices/choice_smm_card_269_a.png,smm_card_270
smm_card_269,Varisler ve Fraksiyonlar: Ak Gaga'nın Yolu,CARDS_PART_11_HEIRS_AND_FACTIONS.yaml,bg_kaz_avlusu,bg_kaz_avlusu.png,Assets/Stories/saray_mutfagindan_muhre/Backgrounds/bg_kaz_avlusu.png,B,smm_card_269_b,Kemal'e isyan kapısını aç,choice_smm_card_269_b,choice_smm_card_269_b.png,Assets/Stories/saray_mutfagindan_muhre/Choices/choice_smm_card_269_b.png,smm_card_271
smm_card_270,Varisler ve Fraksiyonlar: Gümüş Kaşık,CARDS_PART_11_HEIRS_AND_FACTIONS.yaml,bg_muhur_odasi,bg_muhur_odasi.png,Assets/Stories/saray_mutfagindan_muhre/Backgrounds/bg_muhur_odasi.png,A,smm_card_270_a,Başvezire tarafsız kalacağını söyle,choice_smm_card_270_a,choice_smm_card_270_a.png,Assets/Stories/saray_mutfagindan_muhre/Choices/choice_smm_card_270_a.png,smm_card_271
smm_card_270,Varisler ve Fraksiyonlar: Gümüş Kaşık,CARDS_PART_11_HEIRS_AND_FACTIONS.yaml,bg_muhur_odasi,bg_muhur_odasi.png,Assets/Stories/saray_mutfagindan_muhre/Backgrounds/bg_muhur_odasi.png,B,smm_card_270_b,Başvezirin mührünü zorla,choice_smm_card_270_b,choice_smm_card_270_b.png,Assets/Stories/saray_mutfagindan_muhre/Choices/choice_smm_card_270_b.png,smm_card_273
smm_card_271,Varisler ve Fraksiyonlar: Kayıp Ölçü,CARDS_PART_11_HEIRS_AND_FACTIONS.yaml,bg_sessiz_kutuphane,bg_sessiz_kutuphane.png,Assets/Stories/saray_mutfagindan_muhre/Backgrounds/bg_sessiz_kutuphane.png,A,smm_card_271_a,Varisleri aynı masaya çağır,choice_smm_card_271_a,choice_smm_card_271_a.png,Assets/Stories/saray_mutfagindan_muhre/Choices/choice_smm_card_271_a.png,smm_card_272
smm_card_271,Varisler ve Fraksiyonlar: Kayıp Ölçü,CARDS_PART_11_HEIRS_AND_FACTIONS.yaml,bg_sessiz_kutuphane,bg_sessiz_kutuphane.png,Assets/Stories/saray_mutfagindan_muhre/Backgrounds/bg_sessiz_kutuphane.png,B,smm_card_271_b,Bir varisi gizlice güçlendir,choice_smm_card_271_b,choice_smm_card_271_b.png,Assets/Stories/saray_mutfagindan_muhre/Choices/choice_smm_card_271_b.png,smm_card_273
smm_card_272,Varisler ve Fraksiyonlar: Kuyrukta Ekmek,CARDS_PART_11_HEIRS_AND_FACTIONS.yaml,bg_divan_salonu,bg_divan_salonu.png,Assets/Stories/saray_mutfagindan_muhre/Backgrounds/bg_divan_salonu.png,A,smm_card_272_a,Arslan'a şartlı destek ver,choice_smm_card_272_a,choice_smm_card_272_a.png,Assets/Stories/saray_mutfagindan_muhre/Choices/choice_smm_card_272_a.png,smm_card_273
smm_card_272,Varisler ve Fraksiyonlar: Kuyrukta Ekmek,CARDS_PART_11_HEIRS_AND_FACTIONS.yaml,bg_divan_salonu,bg_divan_salonu.png,Assets/Stories/saray_mutfagindan_muhre/Backgrounds/bg_divan_salonu.png,B,smm_card_272_b,Arslan'a ordu defterini göster,choice_smm_card_272_b,choice_smm_card_272_b.png,Assets/Stories/saray_mutfagindan_muhre/Choices/choice_smm_card_272_b.png,smm_card_274
smm_card_273,Varisler ve Fraksiyonlar: Keskin Koku,CARDS_PART_11_HEIRS_AND_FACTIONS.yaml,bg_taht_salonu,bg_taht_salonu.png,Assets/Stories/saray_mutfagindan_muhre/Backgrounds/bg_taht_salonu.png,A,smm_card_273_a,Safira'nın dış ittifakını tart,choice_smm_card_273_a,choice_smm_card_273_a.png,Assets/Stories/saray_mutfagindan_muhre/Choices/choice_smm_card_273_a.png,smm_card_274
smm_card_273,Varisler ve Fraksiyonlar: Keskin Koku,CARDS_PART_11_HEIRS_AND_FACTIONS.yaml,bg_taht_salonu,bg_taht_salonu.png,Assets/Stories/saray_mutfagindan_muhre/Backgrounds/bg_taht_salonu.png,B,smm_card_273_b,Mührü başvezir yetkisine bağla,choice_smm_card_273_b,choice_smm_card_273_b.png,Assets/Stories/saray_mutfagindan_muhre/Choices/choice_smm_card_273_b.png,
smm_card_274,Varisler ve Fraksiyonlar: Mühre Giden İz,CARDS_PART_11_HEIRS_AND_FACTIONS.yaml,bg_elcilik_salonu,bg_elcilik_salonu.png,Assets/Stories/saray_mutfagindan_muhre/Backgrounds/bg_elcilik_salonu.png,A,smm_card_274_a,Kemal'in halk sözünü kayda geçir,choice_smm_card_274_a,choice_smm_card_274_a.png,Assets/Stories/saray_mutfagindan_muhre/Choices/choice_smm_card_274_a.png,smm_card_275
smm_card_274,Varisler ve Fraksiyonlar: Mühre Giden İz,CARDS_PART_11_HEIRS_AND_FACTIONS.yaml,bg_elcilik_salonu,bg_elcilik_salonu.png,Assets/Stories/saray_mutfagindan_muhre/Backgrounds/bg_elcilik_salonu.png,B,smm_card_274_b,Sofrayı hükümdarın güvenine sun,choice_smm_card_274_b,choice_smm_card_274_b.png,Assets/Stories/saray_mutfagindan_muhre/Choices/choice_smm_card_274_b.png,
smm_card_275,Varisler ve Fraksiyonlar: Dar Boğaz,CARDS_PART_11_HEIRS_AND_FACTIONS.yaml,bg_harem_arkasi_fisiltisi,bg_harem_arkasi_fisiltisi.png,Assets/Stories/saray_mutfagindan_muhre/Backgrounds/bg_harem_arkasi_fisiltisi.png,A,smm_card_275_a,Başvezire tarafsız kalacağını söyle,choice_smm_card_275_a,choice_smm_card_275_a.png,Assets/Stories/saray_mutfagindan_muhre/Choices/choice_smm_card_275_a.png,smm_card_276
smm_card_275,Varisler ve Fraksiyonlar: Dar Boğaz,CARDS_PART_11_HEIRS_AND_FACTIONS.yaml,bg_harem_arkasi_fisiltisi,bg_harem_arkasi_fisiltisi.png,Assets/Stories/saray_mutfagindan_muhre/Backgrounds/bg_harem_arkasi_fisiltisi.png,B,smm_card_275_b,Casus ağını tek elde topla,choice_smm_card_275_b,choice_smm_card_275_b.png,Assets/Stories/saray_mutfagindan_muhre/Choices/choice_smm_card_275_b.png,
smm_card_276,Mühür ve Sonlar: İlk Eşik,CARDS_PART_12_SEAL_AND_FINALS.yaml,bg_final_sabahi_saray_avlusu,bg_final_sabahi_saray_avlusu.png,Assets/Stories/saray_mutfagindan_muhre/Backgrounds/bg_final_sabahi_saray_avlusu.png,A,smm_card_276_a,Mühür odasına bir adım yaklaş,choice_smm_card_276_a,choice_smm_card_276_a.png,Assets/Stories/saray_mutfagindan_muhre/Choices/choice_smm_card_276_a.png,smm_card_277
smm_card_276,Mühür ve Sonlar: İlk Eşik,CARDS_PART_12_SEAL_AND_FINALS.yaml,bg_final_sabahi_saray_avlusu,bg_final_sabahi_saray_avlusu.png,Assets/Stories/saray_mutfagindan_muhre/Backgrounds/bg_final_sabahi_saray_avlusu.png,B,smm_card_276_b,Halk kapısını son kez aç,choice_smm_card_276_b,choice_smm_card_276_b.png,Assets/Stories/saray_mutfagindan_muhre/Choices/choice_smm_card_276_b.png,
smm_card_277,Mühür ve Sonlar: Sıcak Bakır,CARDS_PART_12_SEAL_AND_FINALS.yaml,bg_muhur_odasi,bg_muhur_odasi.png,Assets/Stories/saray_mutfagindan_muhre/Backgrounds/bg_muhur_odasi.png,A,smm_card_277_a,Geçmiş borçları tek tek tart,choice_smm_card_277_a,choice_smm_card_277_a.png,Assets/Stories/saray_mutfagindan_muhre/Choices/choice_smm_card_277_a.png,smm_card_278
smm_card_277,Mühür ve Sonlar: Sıcak Bakır,CARDS_PART_12_SEAL_AND_FINALS.yaml,bg_muhur_odasi,bg_muhur_odasi.png,Assets/Stories/saray_mutfagindan_muhre/Backgrounds/bg_muhur_odasi.png,B,smm_card_277_b,Yeni hükümdarı mühürle çıkar,choice_smm_card_277_b,choice_smm_card_277_b.png,Assets/Stories/saray_mutfagindan_muhre/Choices/choice_smm_card_277_b.png,
smm_card_278,Mühür ve Sonlar: Sessiz Bakış,CARDS_PART_12_SEAL_AND_FINALS.yaml,bg_muhur_odasi_kapanis,bg_muhur_odasi_kapanis.png,Assets/Stories/saray_mutfagindan_muhre/Backgrounds/bg_muhur_odasi_kapanis.png,A,smm_card_278_a,Varisleri son kez dinle,choice_smm_card_278_a,choice_smm_card_278_a.png,Assets/Stories/saray_mutfagindan_muhre/Choices/choice_smm_card_278_a.png,smm_card_279
smm_card_278,Mühür ve Sonlar: Sessiz Bakış,CARDS_PART_12_SEAL_AND_FINALS.yaml,bg_muhur_odasi_kapanis,bg_muhur_odasi_kapanis.png,Assets/Stories/saray_mutfagindan_muhre/Backgrounds/bg_muhur_odasi_kapanis.png,B,smm_card_278_b,Mühürden vazgeçip hana kaç,choice_smm_card_278_b,choice_smm_card_278_b.png,Assets/Stories/saray_mutfagindan_muhre/Choices/choice_smm_card_278_b.png,
smm_card_279,Mühür ve Sonlar: İnce Hesap,CARDS_PART_12_SEAL_AND_FINALS.yaml,bg_taht_salonu,bg_taht_salonu.png,Assets/Stories/saray_mutfagindan_muhre/Backgrounds/bg_taht_salonu.png,A,smm_card_279_a,Kazın işaretini kayıt altına al,choice_smm_card_279_a,choice_smm_card_279_a.png,Assets/Stories/saray_mutfagindan_muhre/Choices/choice_smm_card_279_a.png,smm_card_280
smm_card_279,Mühür ve Sonlar: İnce Hesap,CARDS_PART_12_SEAL_AND_FINALS.yaml,bg_taht_salonu,bg_taht_salonu.png,Assets/Stories/saray_mutfagindan_muhre/Backgrounds/bg_taht_salonu.png,B,smm_card_279_b,Şüpheli kadehi yalnız tat,choice_smm_card_279_b,choice_smm_card_279_b.png,Assets/Stories/saray_mutfagindan_muhre/Choices/choice_smm_card_279_b.png,
smm_card_280,Mühür ve Sonlar: Gizli Lekeler,CARDS_PART_12_SEAL_AND_FINALS.yaml,bg_mahkeme_avlusu,bg_mahkeme_avlusu.png,Assets/Stories/saray_mutfagindan_muhre/Backgrounds/bg_mahkeme_avlusu.png,A,smm_card_280_a,Çorba alametini sorguya aç,choice_smm_card_280_a,choice_smm_card_280_a.png,Assets/Stories/saray_mutfagindan_muhre/Choices/choice_smm_card_280_a.png,smm_card_281
smm_card_280,Mühür ve Sonlar: Gizli Lekeler,CARDS_PART_12_SEAL_AND_FINALS.yaml,bg_mahkeme_avlusu,bg_mahkeme_avlusu.png,Assets/Stories/saray_mutfagindan_muhre/Backgrounds/bg_mahkeme_avlusu.png,B,smm_card_280_b,Yanlış varisin emrine güven,choice_smm_card_280_b,choice_smm_card_280_b.png,Assets/Stories/saray_mutfagindan_muhre/Choices/choice_smm_card_280_b.png,
smm_card_281,Mühür ve Sonlar: Kör Alev,CARDS_PART_12_SEAL_AND_FINALS.yaml,bg_kapanis_han_mutfagi,bg_kapanis_han_mutfagi.png,Assets/Stories/saray_mutfagindan_muhre/Backgrounds/bg_kapanis_han_mutfagi.png,A,smm_card_281_a,Mühür odasına bir adım yaklaş,choice_smm_card_281_a,choice_smm_card_281_a.png,Assets/Stories/saray_mutfagindan_muhre/Choices/choice_smm_card_281_a.png,smm_card_282
smm_card_281,Mühür ve Sonlar: Kör Alev,CARDS_PART_12_SEAL_AND_FINALS.yaml,bg_kapanis_han_mutfagi,bg_kapanis_han_mutfagi.png,Assets/Stories/saray_mutfagindan_muhre/Backgrounds/bg_kapanis_han_mutfagi.png,B,smm_card_281_b,Ak Gaga'nın işaretini yorumla,choice_smm_card_281_b,choice_smm_card_281_b.png,Assets/Stories/saray_mutfagindan_muhre/Choices/choice_smm_card_281_b.png,
smm_card_282,Mühür ve Sonlar: Üç Nohut,CARDS_PART_12_SEAL_AND_FINALS.yaml,bg_final_sabahi_saray_avlusu,bg_final_sabahi_saray_avlusu.png,Assets/Stories/saray_mutfagindan_muhre/Backgrounds/bg_final_sabahi_saray_avlusu.png,A,smm_card_282_a,Geçmiş borçları tek tek tart,choice_smm_card_282_a,choice_smm_card_282_a.png,Assets/Stories/saray_mutfagindan_muhre/Choices/choice_smm_card_282_a.png,smm_card_283
smm_card_282,Mühür ve Sonlar: Üç Nohut,CARDS_PART_12_SEAL_AND_FINALS.yaml,bg_final_sabahi_saray_avlusu,bg_final_sabahi_saray_avlusu.png,Assets/Stories/saray_mutfagindan_muhre/Backgrounds/bg_final_sabahi_saray_avlusu.png,B,smm_card_282_b,Çorbayı kutsal alamet ilan et,choice_smm_card_282_b,choice_smm_card_282_b.png,Assets/Stories/saray_mutfagindan_muhre/Choices/choice_smm_card_282_b.png,
smm_card_283,Mühür ve Sonlar: Kapıdaki Fısıltı,CARDS_PART_12_SEAL_AND_FINALS.yaml,bg_muhur_odasi,bg_muhur_odasi.png,Assets/Stories/saray_mutfagindan_muhre/Backgrounds/bg_muhur_odasi.png,A,smm_card_283_a,Varisleri son kez dinle,choice_smm_card_283_a,choice_smm_card_283_a.png,Assets/Stories/saray_mutfagindan_muhre/Choices/choice_smm_card_283_a.png,smm_card_284
smm_card_283,Mühür ve Sonlar: Kapıdaki Fısıltı,CARDS_PART_12_SEAL_AND_FINALS.yaml,bg_muhur_odasi,bg_muhur_odasi.png,Assets/Stories/saray_mutfagindan_muhre/Backgrounds/bg_muhur_odasi.png,B,smm_card_283_b,Tatlı ittifakını evlilikle mühürle,choice_smm_card_283_b,choice_smm_card_283_b.png,Assets/Stories/saray_mutfagindan_muhre/Choices/choice_smm_card_283_b.png,
smm_card_284,Mühür ve Sonlar: Aç Karnın Sözü,CARDS_PART_12_SEAL_AND_FINALS.yaml,bg_muhur_odasi_kapanis,bg_muhur_odasi_kapanis.png,Assets/Stories/saray_mutfagindan_muhre/Backgrounds/bg_muhur_odasi_kapanis.png,A,smm_card_284_a,Kazın işaretini kayıt altına al,choice_smm_card_284_a,choice_smm_card_284_a.png,Assets/Stories/saray_mutfagindan_muhre/Choices/choice_smm_card_284_a.png,smm_card_285
smm_card_284,Mühür ve Sonlar: Aç Karnın Sözü,CARDS_PART_12_SEAL_AND_FINALS.yaml,bg_muhur_odasi_kapanis,bg_muhur_odasi_kapanis.png,Assets/Stories/saray_mutfagindan_muhre/Backgrounds/bg_muhur_odasi_kapanis.png,B,smm_card_284_b,Tahıl defterlerini devral,choice_smm_card_284_b,choice_smm_card_284_b.png,Assets/Stories/saray_mutfagindan_muhre/Choices/choice_smm_card_284_b.png,
smm_card_285,Mühür ve Sonlar: Ustanın Sınavı,CARDS_PART_12_SEAL_AND_FINALS.yaml,bg_taht_salonu,bg_taht_salonu.png,Assets/Stories/saray_mutfagindan_muhre/Backgrounds/bg_taht_salonu.png,A,smm_card_285_a,Çorba alametini sorguya aç,choice_smm_card_285_a,choice_smm_card_285_a.png,Assets/Stories/saray_mutfagindan_muhre/Choices/choice_smm_card_285_a.png,smm_card_286
smm_card_285,Mühür ve Sonlar: Ustanın Sınavı,CARDS_PART_12_SEAL_AND_FINALS.yaml,bg_taht_salonu,bg_taht_salonu.png,Assets/Stories/saray_mutfagindan_muhre/Backgrounds/bg_taht_salonu.png,B,smm_card_285_b,Sır pazarını tekeline al,choice_smm_card_285_b,choice_smm_card_285_b.png,Assets/Stories/saray_mutfagindan_muhre/Choices/choice_smm_card_285_b.png,
smm_card_286,Mühür ve Sonlar: Kazanın Gölgesi,CARDS_PART_12_SEAL_AND_FINALS.yaml,bg_mahkeme_avlusu,bg_mahkeme_avlusu.png,Assets/Stories/saray_mutfagindan_muhre/Backgrounds/bg_mahkeme_avlusu.png,A,smm_card_286_a,Mühür odasına bir adım yaklaş,choice_smm_card_286_a,choice_smm_card_286_a.png,Assets/Stories/saray_mutfagindan_muhre/Choices/choice_smm_card_286_a.png,smm_card_287
smm_card_286,Mühür ve Sonlar: Kazanın Gölgesi,CARDS_PART_12_SEAL_AND_FINALS.yaml,bg_mahkeme_avlusu,bg_mahkeme_avlusu.png,Assets/Stories/saray_mutfagindan_muhre/Backgrounds/bg_mahkeme_avlusu.png,B,smm_card_286_b,Şifahane sürgününü kabul et,choice_smm_card_286_b,choice_smm_card_286_b.png,Assets/Stories/saray_mutfagindan_muhre/Choices/choice_smm_card_286_b.png,
smm_card_287,Mühür ve Sonlar: Tuz ve Yemin,CARDS_PART_12_SEAL_AND_FINALS.yaml,bg_kapanis_han_mutfagi,bg_kapanis_han_mutfagi.png,Assets/Stories/saray_mutfagindan_muhre/Backgrounds/bg_kapanis_han_mutfagi.png,A,smm_card_287_a,Geçmiş borçları tek tek tart,choice_smm_card_287_a,choice_smm_card_287_a.png,Assets/Stories/saray_mutfagindan_muhre/Choices/choice_smm_card_287_a.png,smm_card_288
smm_card_287,Mühür ve Sonlar: Tuz ve Yemin,CARDS_PART_12_SEAL_AND_FINALS.yaml,bg_kapanis_han_mutfagi,bg_kapanis_han_mutfagi.png,Assets/Stories/saray_mutfagindan_muhre/Backgrounds/bg_kapanis_han_mutfagi.png,B,smm_card_287_b,Sahte mührü son kez bas,choice_smm_card_287_b,choice_smm_card_287_b.png,Assets/Stories/saray_mutfagindan_muhre/Choices/choice_smm_card_287_b.png,
smm_card_288,Mühür ve Sonlar: Kırık Tabak,CARDS_PART_12_SEAL_AND_FINALS.yaml,bg_final_sabahi_saray_avlusu,bg_final_sabahi_saray_avlusu.png,Assets/Stories/saray_mutfagindan_muhre/Backgrounds/bg_final_sabahi_saray_avlusu.png,A,smm_card_288_a,Varisleri son kez dinle,choice_smm_card_288_a,choice_smm_card_288_a.png,Assets/Stories/saray_mutfagindan_muhre/Choices/choice_smm_card_288_a.png,smm_card_289
smm_card_288,Mühür ve Sonlar: Kırık Tabak,CARDS_PART_12_SEAL_AND_FINALS.yaml,bg_final_sabahi_saray_avlusu,bg_final_sabahi_saray_avlusu.png,Assets/Stories/saray_mutfagindan_muhre/Backgrounds/bg_final_sabahi_saray_avlusu.png,B,smm_card_288_b,Canın pahasına sırrı sakla,choice_smm_card_288_b,choice_smm_card_288_b.png,Assets/Stories/saray_mutfagindan_muhre/Choices/choice_smm_card_288_b.png,
smm_card_289,Mühür ve Sonlar: Mum Işığı,CARDS_PART_12_SEAL_AND_FINALS.yaml,bg_muhur_odasi,bg_muhur_odasi.png,Assets/Stories/saray_mutfagindan_muhre/Backgrounds/bg_muhur_odasi.png,A,smm_card_289_a,Kazın işaretini kayıt altına al,choice_smm_card_289_a,choice_smm_card_289_a.png,Assets/Stories/saray_mutfagindan_muhre/Choices/choice_smm_card_289_a.png,smm_card_290
smm_card_289,Mühür ve Sonlar: Mum Işığı,CARDS_PART_12_SEAL_AND_FINALS.yaml,bg_muhur_odasi,bg_muhur_odasi.png,Assets/Stories/saray_mutfagindan_muhre/Backgrounds/bg_muhur_odasi.png,B,smm_card_289_b,Arslan'a demir yolu aç,choice_smm_card_289_b,choice_smm_card_289_b.png,Assets/Stories/saray_mutfagindan_muhre/Choices/choice_smm_card_289_b.png,
smm_card_290,Mühür ve Sonlar: Gece Nöbeti,CARDS_PART_12_SEAL_AND_FINALS.yaml,bg_muhur_odasi_kapanis,bg_muhur_odasi_kapanis.png,Assets/Stories/saray_mutfagindan_muhre/Backgrounds/bg_muhur_odasi_kapanis.png,A,smm_card_290_a,Çorba alametini sorguya aç,choice_smm_card_290_a,choice_smm_card_290_a.png,Assets/Stories/saray_mutfagindan_muhre/Choices/choice_smm_card_290_a.png,smm_card_291
smm_card_290,Mühür ve Sonlar: Gece Nöbeti,CARDS_PART_12_SEAL_AND_FINALS.yaml,bg_muhur_odasi_kapanis,bg_muhur_odasi_kapanis.png,Assets/Stories/saray_mutfagindan_muhre/Backgrounds/bg_muhur_odasi_kapanis.png,B,smm_card_290_b,Safira'nın ittifakını mühürle,choice_smm_card_290_b,choice_smm_card_290_b.png,Assets/Stories/saray_mutfagindan_muhre/Choices/choice_smm_card_290_b.png,
smm_card_291,Mühür ve Sonlar: Kilitli Raf,CARDS_PART_12_SEAL_AND_FINALS.yaml,bg_taht_salonu,bg_taht_salonu.png,Assets/Stories/saray_mutfagindan_muhre/Backgrounds/bg_taht_salonu.png,A,smm_card_291_a,Mühür odasına bir adım yaklaş,choice_smm_card_291_a,choice_smm_card_291_a.png,Assets/Stories/saray_mutfagindan_muhre/Choices/choice_smm_card_291_a.png,smm_card_292
smm_card_291,Mühür ve Sonlar: Kilitli Raf,CARDS_PART_12_SEAL_AND_FINALS.yaml,bg_taht_salonu,bg_taht_salonu.png,Assets/Stories/saray_mutfagindan_muhre/Backgrounds/bg_taht_salonu.png,B,smm_card_291_b,Kemal'in ekmek yasasını duyur,choice_smm_card_291_b,choice_smm_card_291_b.png,Assets/Stories/saray_mutfagindan_muhre/Choices/choice_smm_card_291_b.png,
smm_card_292,Mühür ve Sonlar: Sarayın Kulağı,CARDS_PART_12_SEAL_AND_FINALS.yaml,bg_mahkeme_avlusu,bg_mahkeme_avlusu.png,Assets/Stories/saray_mutfagindan_muhre/Backgrounds/bg_mahkeme_avlusu.png,A,smm_card_292_a,Geçmiş borçları tek tek tart,choice_smm_card_292_a,choice_smm_card_292_a.png,Assets/Stories/saray_mutfagindan_muhre/Choices/choice_smm_card_292_a.png,smm_card_293
smm_card_292,Mühür ve Sonlar: Sarayın Kulağı,CARDS_PART_12_SEAL_AND_FINALS.yaml,bg_mahkeme_avlusu,bg_mahkeme_avlusu.png,Assets/Stories/saray_mutfagindan_muhre/Backgrounds/bg_mahkeme_avlusu.png,B,smm_card_292_b,Mührü Ak Gaga'ya emanet et,choice_smm_card_292_b,choice_smm_card_292_b.png,Assets/Stories/saray_mutfagindan_muhre/Choices/choice_smm_card_292_b.png,
smm_card_293,Mühür ve Sonlar: Yağ Halkası,CARDS_PART_12_SEAL_AND_FINALS.yaml,bg_kapanis_han_mutfagi,bg_kapanis_han_mutfagi.png,Assets/Stories/saray_mutfagindan_muhre/Backgrounds/bg_kapanis_han_mutfagi.png,A,smm_card_293_a,Varisleri son kez dinle,choice_smm_card_293_a,choice_smm_card_293_a.png,Assets/Stories/saray_mutfagindan_muhre/Choices/choice_smm_card_293_a.png,smm_card_294
smm_card_293,Mühür ve Sonlar: Yağ Halkası,CARDS_PART_12_SEAL_AND_FINALS.yaml,bg_kapanis_han_mutfagi,bg_kapanis_han_mutfagi.png,Assets/Stories/saray_mutfagindan_muhre/Backgrounds/bg_kapanis_han_mutfagi.png,B,smm_card_293_b,Çifte alameti tahta taşı,choice_smm_card_293_b,choice_smm_card_293_b.png,Assets/Stories/saray_mutfagindan_muhre/Choices/choice_smm_card_293_b.png,
smm_card_294,Mühür ve Sonlar: Ak Gaga'nın Yolu,CARDS_PART_12_SEAL_AND_FINALS.yaml,bg_final_sabahi_saray_avlusu,bg_final_sabahi_saray_avlusu.png,Assets/Stories/saray_mutfagindan_muhre/Backgrounds/bg_final_sabahi_saray_avlusu.png,A,smm_card_294_a,Kazın işaretini kayıt altına al,choice_smm_card_294_a,choice_smm_card_294_a.png,Assets/Stories/saray_mutfagindan_muhre/Choices/choice_smm_card_294_a.png,smm_card_295
smm_card_294,Mühür ve Sonlar: Ak Gaga'nın Yolu,CARDS_PART_12_SEAL_AND_FINALS.yaml,bg_final_sabahi_saray_avlusu,bg_final_sabahi_saray_avlusu.png,Assets/Stories/saray_mutfagindan_muhre/Backgrounds/bg_final_sabahi_saray_avlusu.png,B,smm_card_294_b,Kırık ittifakı barışa çevir,choice_smm_card_294_b,choice_smm_card_294_b.png,Assets/Stories/saray_mutfagindan_muhre/Choices/choice_smm_card_294_b.png,
smm_card_295,Mühür ve Sonlar: Gümüş Kaşık,CARDS_PART_12_SEAL_AND_FINALS.yaml,bg_muhur_odasi,bg_muhur_odasi.png,Assets/Stories/saray_mutfagindan_muhre/Backgrounds/bg_muhur_odasi.png,A,smm_card_295_a,Çorba alametini sorguya aç,choice_smm_card_295_a,choice_smm_card_295_a.png,Assets/Stories/saray_mutfagindan_muhre/Choices/choice_smm_card_295_a.png,smm_card_296
smm_card_295,Mühür ve Sonlar: Gümüş Kaşık,CARDS_PART_12_SEAL_AND_FINALS.yaml,bg_muhur_odasi,bg_muhur_odasi.png,Assets/Stories/saray_mutfagindan_muhre/Backgrounds/bg_muhur_odasi.png,B,smm_card_295_b,Kiler defterini halka aç,choice_smm_card_295_b,choice_smm_card_295_b.png,Assets/Stories/saray_mutfagindan_muhre/Choices/choice_smm_card_295_b.png,
smm_card_296,Mühür ve Sonlar: Kayıp Ölçü,CARDS_PART_12_SEAL_AND_FINALS.yaml,bg_muhur_odasi_kapanis,bg_muhur_odasi_kapanis.png,Assets/Stories/saray_mutfagindan_muhre/Backgrounds/bg_muhur_odasi_kapanis.png,A,smm_card_296_a,Mühür odasına bir adım yaklaş,choice_smm_card_296_a,choice_smm_card_296_a.png,Assets/Stories/saray_mutfagindan_muhre/Choices/choice_smm_card_296_a.png,smm_card_297
smm_card_296,Mühür ve Sonlar: Kayıp Ölçü,CARDS_PART_12_SEAL_AND_FINALS.yaml,bg_muhur_odasi_kapanis,bg_muhur_odasi_kapanis.png,Assets/Stories/saray_mutfagindan_muhre/Backgrounds/bg_muhur_odasi_kapanis.png,B,smm_card_296_b,Zehir yasasını yeniden yaz,choice_smm_card_296_b,choice_smm_card_296_b.png,Assets/Stories/saray_mutfagindan_muhre/Choices/choice_smm_card_296_b.png,
smm_card_297,Mühür ve Sonlar: Kuyrukta Ekmek,CARDS_PART_12_SEAL_AND_FINALS.yaml,bg_taht_salonu,bg_taht_salonu.png,Assets/Stories/saray_mutfagindan_muhre/Backgrounds/bg_taht_salonu.png,A,smm_card_297_a,Geçmiş borçları tek tek tart,choice_smm_card_297_a,choice_smm_card_297_a.png,Assets/Stories/saray_mutfagindan_muhre/Choices/choice_smm_card_297_a.png,smm_card_298
smm_card_297,Mühür ve Sonlar: Kuyrukta Ekmek,CARDS_PART_12_SEAL_AND_FINALS.yaml,bg_taht_salonu,bg_taht_salonu.png,Assets/Stories/saray_mutfagindan_muhre/Backgrounds/bg_taht_salonu.png,B,smm_card_297_b,Sırları ateşe ver,choice_smm_card_297_b,choice_smm_card_297_b.png,Assets/Stories/saray_mutfagindan_muhre/Choices/choice_smm_card_297_b.png,
smm_card_298,Mühür ve Sonlar: Keskin Koku,CARDS_PART_12_SEAL_AND_FINALS.yaml,bg_mahkeme_avlusu,bg_mahkeme_avlusu.png,Assets/Stories/saray_mutfagindan_muhre/Backgrounds/bg_mahkeme_avlusu.png,A,smm_card_298_a,Varisleri son kez dinle,choice_smm_card_298_a,choice_smm_card_298_a.png,Assets/Stories/saray_mutfagindan_muhre/Choices/choice_smm_card_298_a.png,smm_card_299
smm_card_298,Mühür ve Sonlar: Keskin Koku,CARDS_PART_12_SEAL_AND_FINALS.yaml,bg_mahkeme_avlusu,bg_mahkeme_avlusu.png,Assets/Stories/saray_mutfagindan_muhre/Backgrounds/bg_mahkeme_avlusu.png,B,smm_card_298_b,Halkla sarayı aynı kapıya çağır,choice_smm_card_298_b,choice_smm_card_298_b.png,Assets/Stories/saray_mutfagindan_muhre/Choices/choice_smm_card_298_b.png,
smm_card_299,Mühür ve Sonlar: Mühre Giden İz,CARDS_PART_12_SEAL_AND_FINALS.yaml,bg_kapanis_han_mutfagi,bg_kapanis_han_mutfagi.png,Assets/Stories/saray_mutfagindan_muhre/Backgrounds/bg_kapanis_han_mutfagi.png,A,smm_card_299_a,Kazın işaretini kayıt altına al,choice_smm_card_299_a,choice_smm_card_299_a.png,Assets/Stories/saray_mutfagindan_muhre/Choices/choice_smm_card_299_a.png,smm_card_300
smm_card_299,Mühür ve Sonlar: Mühre Giden İz,CARDS_PART_12_SEAL_AND_FINALS.yaml,bg_kapanis_han_mutfagi,bg_kapanis_han_mutfagi.png,Assets/Stories/saray_mutfagindan_muhre/Backgrounds/bg_kapanis_han_mutfagi.png,B,smm_card_299_b,Sessiz sürgün hükmünü kabul et,choice_smm_card_299_b,choice_smm_card_299_b.png,Assets/Stories/saray_mutfagindan_muhre/Choices/choice_smm_card_299_b.png,
smm_card_300,Mühür ve Sonlar: Dar Boğaz,CARDS_PART_12_SEAL_AND_FINALS.yaml,bg_final_sabahi_saray_avlusu,bg_final_sabahi_saray_avlusu.png,Assets/Stories/saray_mutfagindan_muhre/Backgrounds/bg_final_sabahi_saray_avlusu.png,A,smm_card_300_a,Üç varisi ortak meclise bağla,choice_smm_card_300_a,choice_smm_card_300_a.png,Assets/Stories/saray_mutfagindan_muhre/Choices/choice_smm_card_300_a.png,
smm_card_300,Mühür ve Sonlar: Dar Boğaz,CARDS_PART_12_SEAL_AND_FINALS.yaml,bg_final_sabahi_saray_avlusu,bg_final_sabahi_saray_avlusu.png,Assets/Stories/saray_mutfagindan_muhre/Backgrounds/bg_final_sabahi_saray_avlusu.png,B,smm_card_300_b,Canın pahasına sırrı sakla,choice_smm_card_300_b,choice_smm_card_300_b.png,Assets/Stories/saray_mutfagindan_muhre/Choices/choice_smm_card_300_b.png,
